create table SURVEY (ID integer, PARENT_ID integer, NAME varchar(8), FULL_NAME varchar(8), TITLE varchar(10));
create table CENTRELINE (ID integer, SURVEY_ID integer, TITLE varchar(4), TOPO_DATE date, EXPLO_DATE date, LENGTH real, SURFACE_LENGTH real, DUPLICATE_LENGTH real);
create table PERSON (ID integer, NAME varchar(10), SURNAME varchar(11));
create table EXPLO (PERSON_ID integer, CENTRELINE_ID integer);
create table TOPO (PERSON_ID integer, CENTRELINE_ID integer);
create table STATION (ID integer, NAME varchar(9), SURVEY_ID integer, X real, Y real, Z real);
create table STATION_FLAG (STATION_ID integer, FLAG char(3));
create table SHOT (ID integer, FROM_ID integer, TO_ID integer, CENTRELINE_ID integer, LENGTH real, BEARING real, GRADIENT real, ADJ_LENGTH real, ADJ_BEARING real, ADJ_GRADIENT real, ERR_LENGTH real, ERR_BEARING real, ERR_GRADIENT real);
create table SHOT_FLAG (SHOT_ID integer, FLAG char(3));
create table MAPS (ID integer, SURVEY_ID integer, NAME varchar(8), TITLE varchar(10), PROJID integer, LENGTH real, DEPTH real);
create table SCRAPS (ID integer, SURVEY_ID integer, NAME varchar(8), PROJID integer, MAX_DISTORTION real, AVG_DISTORTION real);
create table MAPITEMS (ID integer, TYPE integer, ITEMID integer);
insert into SURVEY values (1, 0, '', '', NULL);
 insert into CENTRELINE values (2, 1, NULL, NULL, NULL, 0.00, 0.00, 0.00);
 insert into SURVEY values (18, 1, 'Predjama', 'Predjama', 'Predjama');
 insert into CENTRELINE values (19, 18, NULL, NULL, NULL, 0.00, 0.00, 0.00);
 insert into CENTRELINE values (20, 18, NULL, '2024-05-04', NULL, 425.03, 42.50, 354.58);
 insert into PERSON values (1, 'Jeremie', 'Chappuis');
insert into TOPO values (1, 20);
 insert into PERSON values (2, 'Franci', 'Gabrovsek');
insert into TOPO values (2, 20);
 insert into PERSON values (3, 'Bojan', 'Mohar');
insert into TOPO values (3, 20);
 insert into PERSON values (4, 'Matija', 'Perne');
insert into TOPO values (4, 20);
 insert into PERSON values (5, 'Tanguy', 'Racine');
insert into TOPO values (5, 20);
 insert into PERSON values (6, 'Philippe', 'Renard');
insert into TOPO values (6, 20);
 insert into PERSON values (7, 'Celia', 'Trunz');
insert into TOPO values (7, 20);
 insert into PERSON values (8, 'Ilan', 'd''Adrian');
insert into TOPO values (8, 20);
 insert into SHOT values (1, 1, 2, 20, 11.400, 301.20, -0.30, 11.383, 301.16, -0.55, 0.054, 144.46, -69.35);
insert into SHOT values (2, 1, 2, 20, 11.380, 301.70, -0.50, 11.383, 301.16, -0.55, 0.107, 212.97, -5.71);
insert into SHOT values (3, 1, 2, 20, 11.380, 300.50, -0.30, 11.383, 301.16, -0.55, 0.141, 29.71, -20.96);
insert into SHOT values (4, 1, 3, 20, 2.870, 34.40, -27.80, 2.865, 34.38, -27.89, 0.007, 222.18, -12.91);
insert into SHOT values (5, 1, 4, 20, 2.950, 34.10, -7.70, 2.951, 34.12, -7.79, 0.005, 126.19, -74.96);
insert into SHOT values (6, 1, 5, 20, 3.730, 36.20, 11.80, 3.734, 36.21, 11.74, 0.006, 44.59, -28.41);
insert into SHOT values (7, 1, 6, 20, 4.770, 36.90, 33.70, 4.768, 36.90, 33.76, 0.006, 217.97, 37.50);
insert into SHOT values (8, 1, 7, 20, 6.220, 37.60, 51.80, 6.224, 37.61, 51.78, 0.004, 51.38, 26.58);
insert into SHOT values (9, 1, 8, 20, 6.930, 33.60, 72.70, 6.934, 33.54, 72.69, 0.005, 352.96, 44.77);
insert into SHOT values (10, 1, 9, 20, 2.010, 218.70, 86.80, 2.013, 217.87, 86.75, 0.004, 176.40, 52.10);
insert into SHOT values (11, 1, 10, 20, 0.900, 198.40, 69.00, 0.901, 197.88, 68.81, 0.004, 155.47, -2.93);
insert into SHOT values (12, 1, 11, 20, 1.110, 198.50, 22.40, 1.107, 198.79, 22.29, 0.006, 306.35, -28.86);
insert into SHOT values (13, 1, 12, 20, 1.470, 194.30, 7.10, 1.466, 194.32, 7.05, 0.004, 4.93, -25.55);
insert into SHOT values (14, 1, 13, 20, 1.710, 198.10, -23.30, 1.710, 198.20, -23.44, 0.005, 323.79, -45.92);
insert into SHOT values (15, 1, 14, 20, 1.510, 352.80, -80.90, 1.510, 352.87, -80.78, 0.003, 358.73, 17.98);
insert into SHOT values (16, 1, 15, 20, 2.830, 39.30, -31.30, 2.828, 39.29, -31.32, 0.002, 232.11, 6.77);
insert into SHOT values (17, 1, 16, 20, 2.540, 38.80, -5.20, 2.542, 38.91, -5.19, 0.005, 105.41, 2.29);
insert into SHOT values (18, 1, 17, 20, 3.740, 36.80, 16.90, 3.742, 36.71, 16.93, 0.006, 321.97, 25.42);
insert into SHOT values (19, 1, 18, 20, 5.070, 37.00, 36.20, 5.068, 36.95, 36.16, 0.006, 319.24, -52.38);
insert into SHOT values (20, 1, 19, 20, 6.230, 34.30, 56.40, 6.231, 34.24, 56.40, 0.004, 304.15, 14.76);
insert into SHOT values (21, 1, 20, 20, 6.800, 32.50, 72.20, 6.795, 32.62, 72.20, 0.006, 135.74, -45.24);
insert into SHOT values (22, 1, 21, 20, 2.250, 242.50, 88.70, 2.251, 248.20, 88.63, 0.006, 307.10, 5.59);
insert into SHOT values (23, 1, 22, 20, 1.090, 208.20, 71.30, 1.089, 208.74, 71.05, 0.006, 247.50, -25.06);
insert into SHOT values (24, 1, 23, 20, 1.080, 203.10, 35.50, 1.081, 202.77, 35.65, 0.006, 104.16, 29.04);
insert into SHOT values (25, 1, 24, 20, 1.970, 199.40, 3.40, 1.965, 199.36, 3.50, 0.007, 33.31, 28.48);
insert into SHOT values (26, 1, 25, 20, 1.510, 3.40, -82.30, 1.513, 2.86, -82.40, 0.005, 225.52, -52.23);
insert into SHOT values (27, 2, 1, 20, 11.370, 121.20, 0.70, 11.383, 121.16, 0.55, 0.033, 91.78, -62.20);
insert into SHOT_FLAG values(27, 'dpl');
insert into SHOT values (28, 2, 26, 20, 1.810, 355.60, -16.50, 1.808, 355.70, -16.38, 0.005, 96.33, 52.14);
insert into SHOT values (29, 2, 27, 20, 1.340, 359.30, -46.30, 1.330, 359.38, -46.22, 0.011, 167.08, 56.26);
insert into SHOT values (30, 2, 28, 20, 0.980, 0.00, -79.80, 0.975, 0.00, -79.96, 0.006, 180.00, 51.86);
insert into SHOT values (31, 2, 29, 20, 1.550, 181.70, -57.80, 1.551, 181.38, -57.63, 0.006, 134.37, 14.25);
insert into SHOT values (32, 2, 30, 20, 2.820, 184.80, -24.70, 2.813, 184.71, -24.57, 0.010, 55.53, 57.63);
insert into SHOT values (33, 2, 31, 20, 5.280, 185.50, -10.70, 5.285, 185.41, -10.69, 0.009, 128.06, 1.98);
insert into SHOT values (34, 2, 32, 20, 7.820, 184.50, -2.30, 7.820, 184.48, -2.27, 0.005, 97.22, 51.20);
insert into SHOT values (35, 2, 33, 20, 7.380, 180.00, 14.90, 7.379, 180.00, 14.92, 0.003, 0.00, 51.82);
insert into SHOT values (36, 2, 34, 20, 6.810, 186.30, 31.00, 6.810, 186.30, 31.03, 0.003, 15.05, 50.57);
insert into SHOT values (37, 2, 35, 20, 0.970, 190.50, 47.10, 0.970, 190.46, 47.05, 0.001, 156.46, -34.44);
insert into SHOT values (38, 2, 36, 20, 7.880, 190.30, 4.80, 7.883, 190.27, 4.80, 0.006, 136.10, 6.09);
insert into SHOT_FLAG values(38, 'srf');
insert into SHOT values (39, 2, 37, 20, 10.070, 206.30, 3.60, 10.081, 206.31, 3.53, 0.017, 214.77, -44.74);
insert into SHOT values (40, 37, 2, 20, 10.090, 26.40, -3.40, 10.081, 26.31, -3.53, 0.028, 264.36, -49.32);
insert into SHOT_FLAG values(40, 'dpl');
insert into SHOT values (41, 37, 38, 20, 2.190, 12.50, -45.40, 2.189, 12.41, -45.45, 0.003, 245.86, -12.10);
insert into SHOT values (42, 37, 39, 20, 3.170, 7.40, -31.90, 3.174, 7.47, -31.96, 0.006, 70.84, -53.58);
insert into SHOT values (43, 37, 40, 20, 9.640, 0.00, -12.10, 9.644, 0.00, -12.09, 0.004, 0.00, 9.84);
insert into SHOT values (44, 37, 41, 20, 6.370, 359.40, 23.90, 6.376, 359.41, 23.87, 0.007, 8.59, -6.50);
insert into SHOT values (45, 37, 42, 20, 4.370, 2.20, 42.30, 4.369, 2.13, 42.29, 0.004, 272.73, -14.62);
insert into SHOT values (46, 37, 43, 20, 3.790, 8.60, 64.00, 3.796, 8.62, 63.92, 0.008, 12.12, 25.70);
insert into SHOT values (47, 37, 44, 20, 2.830, 99.30, 80.70, 2.827, 98.84, 80.73, 0.005, 341.24, -34.17);
insert into SHOT values (48, 37, 45, 20, 2.050, 148.90, 57.40, 2.050, 148.77, 57.57, 0.006, 355.01, 27.33);
insert into SHOT values (49, 37, 46, 20, 1.420, 151.60, 37.90, 1.414, 151.59, 37.99, 0.007, 332.52, -19.75);
insert into SHOT values (50, 37, 47, 20, 0.760, 154.00, 22.10, 0.760, 153.80, 22.44, 0.005, 24.43, 51.98);
insert into SHOT values (51, 37, 48, 20, 9.950, 261.60, -4.70, 9.937, 261.76, -4.79, 0.034, 19.53, -25.83);
insert into SHOT values (52, 48, 37, 20, 9.930, 81.90, 4.90, 9.937, 81.76, 4.79, 0.032, 10.89, -34.53);
insert into SHOT_FLAG values(52, 'dpl');
insert into SHOT values (53, 48, 49, 20, 3.050, 112.90, -21.40, 3.046, 112.85, -21.58, 0.011, 310.26, -42.62);
insert into SHOT values (54, 48, 50, 20, 6.970, 113.30, 1.90, 6.960, 113.29, 1.89, 0.010, 304.03, -6.41);
insert into SHOT values (55, 48, 51, 20, 8.490, 111.20, 28.00, 8.488, 111.19, 27.96, 0.006, 53.10, -76.79);
insert into SHOT values (56, 48, 52, 20, 7.180, 108.00, 53.80, 7.175, 108.01, 53.80, 0.005, 277.62, -52.70);
insert into SHOT values (57, 48, 53, 20, 4.860, 80.00, 79.30, 4.853, 79.70, 79.38, 0.011, 290.98, -30.74);
insert into SHOT values (58, 48, 54, 20, 4.910, 345.20, 73.50, 4.913, 345.07, 73.48, 0.005, 294.86, 27.80);
insert into SHOT values (59, 48, 55, 20, 4.120, 330.50, 51.30, 4.115, 330.45, 51.26, 0.006, 216.69, -64.71);
insert into SHOT values (60, 48, 56, 20, 1.720, 326.80, 40.60, 1.721, 326.55, 40.61, 0.006, 240.58, 6.76);
insert into SHOT values (61, 48, 57, 20, 16.910, 241.70, -1.50, 16.923, 241.81, -1.66, 0.059, 312.56, -53.05);
insert into SHOT values (62, 57, 48, 20, 16.930, 61.90, 1.80, 16.923, 61.81, 1.66, 0.049, 319.15, -58.06);
insert into SHOT_FLAG values(62, 'dpl');
insert into SHOT values (63, 57, 58, 20, 1.800, 96.30, -27.00, 1.798, 96.46, -27.13, 0.006, 225.84, -26.10);
insert into SHOT values (64, 57, 59, 20, 2.990, 99.50, -10.70, 2.992, 99.59, -10.59, 0.008, 155.86, 42.69);
insert into SHOT values (65, 57, 60, 20, 5.740, 100.90, 0.70, 5.745, 100.94, 0.70, 0.006, 139.60, -1.17);
insert into SHOT values (66, 57, 61, 20, 5.970, 99.30, 14.80, 5.975, 99.27, 14.84, 0.007, 54.87, 46.06);
insert into SHOT values (67, 57, 62, 20, 6.610, 95.90, 33.30, 6.615, 95.92, 33.28, 0.005, 114.67, 10.78);
insert into SHOT values (68, 57, 63, 20, 5.340, 95.10, 55.00, 5.336, 95.06, 54.98, 0.005, 341.24, -60.65);
insert into SHOT values (69, 57, 64, 20, 5.990, 74.60, 81.40, 5.987, 74.41, 81.42, 0.005, 301.00, -32.57);
insert into SHOT values (70, 57, 65, 20, 6.040, 303.00, 68.60, 6.037, 302.97, 68.58, 0.004, 259.75, -64.34);
insert into SHOT values (71, 57, 66, 20, 5.280, 303.70, 51.60, 5.283, 303.69, 51.60, 0.003, 281.46, 54.39);
insert into SHOT values (72, 57, 67, 20, 1.010, 309.60, 40.70, 1.012, 309.71, 40.71, 0.002, 359.82, 35.80);
insert into SHOT values (73, 57, 68, 20, 23.840, 169.00, 0.90, 23.814, 169.20, 0.79, 0.099, 275.89, -26.60);
insert into SHOT values (74, 68, 57, 20, 23.790, 349.40, -0.70, 23.814, 349.20, -0.79, 0.093, 275.24, -24.98);
insert into SHOT values (75, 68, 69, 20, 1.450, 345.70, -83.20, 1.449, 345.96, -83.47, 0.007, 159.30, -1.68);
insert into SHOT values (76, 68, 70, 20, 1.840, 321.60, -53.40, 1.834, 321.67, -53.28, 0.007, 80.25, 78.56);
insert into SHOT values (77, 68, 71, 20, 5.000, 311.90, -17.30, 4.997, 311.94, -17.23, 0.008, 59.30, 61.59);
insert into SHOT values (78, 68, 72, 20, 6.510, 314.60, 11.30, 6.505, 314.62, 11.35, 0.007, 113.88, 36.46);
insert into SHOT values (79, 68, 73, 20, 9.250, 312.90, 32.50, 9.247, 312.92, 32.51, 0.005, 96.55, -0.25);
insert into SHOT values (80, 68, 74, 20, 6.790, 306.50, 55.90, 6.795, 306.45, 55.95, 0.009, 179.03, 59.87);
insert into SHOT values (81, 68, 75, 20, 4.070, 295.60, 73.50, 4.077, 295.68, 73.56, 0.008, 77.79, 71.64);
insert into SHOT values (82, 68, 76, 20, 2.670, 182.80, 76.70, 2.673, 182.77, 76.57, 0.007, 179.95, 13.93);
insert into SHOT values (83, 68, 77, 20, 2.840, 146.20, 50.20, 2.845, 146.22, 50.32, 0.008, 296.85, 79.80);
insert into SHOT values (84, 68, 78, 20, 21.220, 271.10, 0.90, 21.208, 271.35, 0.76, 0.108, 8.27, -29.65);
insert into SHOT values (85, 78, 68, 20, 21.210, 91.60, -0.60, 21.208, 91.35, -0.76, 0.109, 359.65, -32.13);
insert into SHOT_FLAG values(85, 'dpl');
insert into SHOT values (86, 78, 79, 20, 1.690, 51.90, -74.70, 1.689, 52.35, -74.83, 0.005, 190.21, 1.11);
insert into SHOT values (87, 78, 80, 20, 2.020, 39.70, -50.70, 2.012, 39.57, -50.82, 0.009, 238.82, 20.41);
insert into SHOT values (88, 78, 81, 20, 4.060, 32.00, -16.90, 4.052, 31.93, -16.93, 0.010, 242.89, 1.49);
insert into SHOT values (89, 78, 82, 20, 5.780, 37.00, 0.80, 5.771, 36.97, 0.79, 0.010, 235.21, -4.04);
insert into SHOT values (90, 78, 83, 20, 5.890, 38.70, 26.50, 5.885, 38.68, 26.54, 0.007, 236.73, 15.39);
insert into SHOT values (91, 78, 84, 20, 6.260, 25.00, 49.00, 6.261, 24.94, 49.06, 0.008, 249.28, 42.34);
insert into SHOT values (92, 78, 85, 20, 6.890, 26.90, 69.90, 6.889, 26.89, 69.91, 0.002, 218.49, -9.90);
insert into SHOT values (93, 78, 86, 20, 3.420, 309.70, 82.30, 3.421, 308.85, 82.23, 0.008, 250.01, 6.04);
insert into SHOT values (94, 78, 87, 20, 1.960, 238.90, 72.00, 1.967, 238.39, 71.92, 0.009, 190.94, 39.15);
insert into SHOT values (95, 78, 88, 20, 1.370, 241.50, 55.90, 1.378, 241.45, 55.82, 0.008, 234.97, 42.29);
insert into SHOT values (96, 78, 89, 20, 6.580, 331.70, -10.10, 6.576, 331.69, -10.07, 0.006, 162.88, 44.85);
insert into SHOT_FLAG values(96, 'srf');
insert into SHOT values (97, 78, 90, 20, 15.490, 338.60, 0.30, 15.494, 338.14, 0.11, 0.135, 250.49, -22.18);
insert into SHOT values (98, 90, 78, 20, 15.490, 157.70, 0.10, 15.494, 158.14, -0.11, 0.131, 245.76, -25.76);
insert into SHOT_FLAG values(98, 'dpl');
insert into SHOT values (99, 90, 91, 20, 15.500, 159.70, 0.20, 15.503, 159.69, 0.18, 0.006, 138.00, -47.35);
insert into SHOT values (100, 90, 92, 20, 15.490, 157.50, -0.30, 15.499, 157.51, -0.30, 0.010, 166.03, 6.58);
insert into SHOT values (101, 90, 93, 20, 1.650, 249.70, -86.90, 1.652, 243.43, -86.90, 0.010, 157.81, -13.89);
insert into SHOT values (102, 90, 94, 20, 1.640, 200.00, -59.70, 1.644, 199.75, -59.73, 0.006, 129.55, -46.05);
insert into SHOT values (103, 90, 95, 20, 3.890, 202.30, -25.00, 3.900, 202.28, -25.03, 0.010, 195.21, -35.50);
insert into SHOT values (104, 90, 96, 20, 7.200, 205.70, 1.30, 7.203, 205.68, 1.27, 0.005, 158.51, -38.51);
insert into SHOT values (105, 90, 97, 20, 8.860, 207.10, 20.50, 8.861, 207.09, 20.48, 0.004, 166.48, -51.44);
insert into SHOT values (106, 90, 98, 20, 7.410, 208.70, 37.50, 7.411, 208.66, 37.49, 0.005, 138.17, -11.17);
insert into SHOT values (107, 90, 99, 20, 6.200, 214.30, 61.20, 6.197, 214.22, 61.18, 0.005, 128.71, -37.27);
insert into SHOT values (108, 90, 100, 20, 5.760, 313.50, 84.60, 5.755, 313.49, 84.64, 0.006, 134.39, -44.74);
insert into SHOT values (109, 90, 101, 20, 4.430, 16.90, 66.10, 4.427, 16.91, 66.19, 0.007, 193.51, -1.11);
insert into SHOT values (110, 90, 102, 20, 0.820, 9.60, 45.50, 0.812, 10.12, 45.56, 0.009, 148.21, -31.70);
insert into SHOT values (111, 90, 103, 20, 22.600, 243.30, 0.00, 22.607, 243.43, -0.20, 0.096, 326.25, -56.15);
insert into SHOT values (112, 103, 90, 20, 22.600, 63.60, 0.40, 22.607, 63.43, 0.20, 0.102, 339.83, -49.89);
insert into SHOT_FLAG values(112, 'dpl');
insert into SHOT values (113, 103, 104, 20, 1.420, 151.60, -37.60, 1.424, 151.39, -37.65, 0.006, 94.09, -36.20);
insert into SHOT values (114, 103, 105, 20, 2.040, 151.70, -30.30, 2.042, 151.55, -30.30, 0.005, 80.77, -8.61);
insert into SHOT values (115, 103, 106, 20, 4.480, 151.60, -26.00, 4.479, 151.53, -25.95, 0.007, 67.70, 36.65);
insert into SHOT values (116, 103, 107, 20, 6.080, 152.80, -16.30, 6.082, 152.78, -16.33, 0.004, 83.46, -54.08);
insert into SHOT values (117, 103, 108, 20, 4.380, 153.00, 3.30, 4.377, 152.91, 3.27, 0.008, 38.14, -15.27);
insert into SHOT values (118, 103, 109, 20, 6.580, 153.60, 28.90, 6.584, 153.52, 28.88, 0.009, 91.34, 0.01);
insert into SHOT values (119, 103, 110, 20, 6.520, 149.40, 45.80, 6.518, 149.32, 45.77, 0.008, 67.72, -32.67);
insert into SHOT values (120, 103, 111, 20, 6.430, 136.70, 73.00, 6.429, 136.51, 73.05, 0.008, 4.86, 6.68);
insert into SHOT values (121, 103, 112, 20, 6.310, 15.30, 71.40, 6.310, 15.55, 71.39, 0.009, 98.29, -2.66);
insert into SHOT values (122, 103, 113, 20, 7.550, 357.60, 39.60, 7.554, 357.64, 39.55, 0.009, 25.02, -16.65);
insert into SHOT values (123, 103, 114, 20, 14.830, 351.10, 14.20, 14.836, 351.12, 14.20, 0.008, 34.33, 15.51);
insert into SHOT values (124, 103, 115, 20, 9.180, 351.50, 6.40, 9.186, 351.56, 6.38, 0.012, 48.67, -16.30);
insert into SHOT values (125, 103, 116, 20, 2.670, 354.30, -1.20, 2.673, 354.42, -1.29, 0.008, 53.56, -32.66);
insert into SHOT values (126, 103, 117, 20, 1.200, 355.30, -25.80, 1.201, 355.76, -25.65, 0.009, 69.13, 14.02);
insert into SHOT values (127, 103, 118, 20, 0.700, 355.90, -48.00, 0.702, 356.35, -47.83, 0.004, 51.18, 2.57);
insert into SHOT values (128, 103, 119, 20, 20.570, 232.50, -0.10, 20.553, 232.75, -0.31, 0.118, 333.63, -38.93);
insert into SHOT values (129, 119, 103, 20, 20.550, 53.00, 0.50, 20.553, 52.75, 0.31, 0.113, 324.95, -37.80);
insert into SHOT_FLAG values(129, 'dpl');
insert into SHOT values (130, 119, 120, 20, 2.570, 304.90, -43.20, 2.572, 304.79, -43.18, 0.004, 241.59, -10.21);
insert into SHOT values (131, 119, 121, 20, 1.540, 316.40, -78.60, 1.540, 316.33, -78.61, 0.001, 191.14, -40.95);
insert into SHOT values (132, 119, 122, 20, 1.640, 127.30, -63.10, 1.638, 127.33, -63.06, 0.003, 213.15, 80.40);
insert into SHOT values (133, 119, 123, 20, 4.350, 118.90, -3.00, 4.348, 118.93, -3.03, 0.004, 258.83, -36.94);
insert into SHOT values (134, 119, 124, 20, 8.790, 116.10, 10.30, 8.795, 116.12, 10.28, 0.007, 145.99, -14.78);
insert into SHOT values (135, 119, 125, 20, 17.820, 116.80, 28.10, 17.823, 116.81, 28.12, 0.007, 202.44, 68.18);
insert into SHOT values (136, 119, 126, 20, 17.820, 116.20, 45.60, 17.822, 116.22, 45.58, 0.006, 150.66, -17.37);
insert into SHOT values (137, 119, 127, 20, 18.430, 117.10, 53.70, 18.434, 117.11, 53.72, 0.007, 277.00, 66.31);
insert into SHOT values (138, 119, 128, 20, 0.780, 118.50, 59.20, 0.779, 118.50, 59.27, 0.001, 300.01, 0.56);
insert into SHOT values (139, 119, 129, 20, 20.030, 183.70, -0.20, 20.041, 183.66, -0.40, 0.072, 133.35, -76.14);
insert into SHOT values (140, 129, 119, 20, 20.040, 3.60, 0.60, 20.041, 3.66, 0.40, 0.073, 88.31, -72.70);
insert into SHOT_FLAG values(140, 'dpl');
insert into SHOT values (141, 129, 130, 20, 5.340, 323.80, -6.60, 5.337, 323.82, -6.56, 0.005, 101.75, 51.49);
insert into SHOT_FLAG values(141, 'srf');
insert into SHOT values (142, 129, 131, 20, 1.440, 98.70, -7.00, 1.445, 98.41, -6.75, 0.011, 49.22, 30.08);
insert into SHOT values (143, 129, 132, 20, 2.120, 95.90, -37.20, 2.119, 95.78, -37.16, 0.004, 4.82, 25.97);
insert into SHOT values (144, 129, 133, 20, 1.530, 208.90, -87.70, 1.531, 210.96, -87.82, 0.004, 355.04, -18.11);
insert into SHOT values (145, 129, 134, 20, 1.980, 291.20, -55.30, 1.982, 291.33, -55.33, 0.003, 20.47, -40.23);
insert into SHOT values (146, 129, 135, 20, 4.560, 305.10, -19.40, 4.563, 305.17, -19.32, 0.008, 351.20, 33.89);
insert into SHOT values (147, 129, 136, 20, 16.510, 304.50, 16.10, 16.511, 304.52, 16.10, 0.006, 26.32, 14.29);
insert into SHOT values (148, 129, 137, 20, 13.460, 306.10, 28.40, 13.456, 306.13, 28.40, 0.008, 59.80, -13.87);
insert into SHOT values (149, 129, 138, 20, 6.060, 309.10, 34.80, 6.061, 309.13, 34.81, 0.003, 46.37, 31.63);
insert into SHOT values (150, 129, 139, 20, 7.100, 315.00, 44.60, 7.104, 315.08, 44.62, 0.009, 41.53, 33.64);
insert into SHOT values (151, 129, 140, 20, 4.470, 318.50, 55.70, 4.470, 318.54, 55.65, 0.004, 345.44, -37.05);
insert into SHOT values (152, 129, 141, 20, 18.770, 207.50, -0.90, 18.781, 207.60, -1.10, 0.074, 281.84, -61.91);
insert into SHOT values (153, 141, 129, 20, 18.790, 27.70, 1.30, 18.781, 27.60, 1.10, 0.074, 283.54, -63.50);
insert into SHOT_FLAG values(153, 'dpl');
insert into SHOT values (154, 141, 142, 20, 2.080, 336.10, -43.30, 2.085, 336.31, -43.29, 0.008, 28.61, -26.98);
insert into SHOT values (155, 141, 143, 20, 3.540, 333.70, -20.40, 3.543, 333.74, -20.31, 0.007, 1.05, 35.76);
insert into SHOT values (156, 141, 144, 20, 5.610, 335.30, 3.10, 5.610, 335.31, 3.07, 0.004, 47.86, -72.23);
insert into SHOT values (157, 141, 145, 20, 7.420, 336.30, 22.70, 7.420, 336.32, 22.67, 0.004, 34.48, -53.65);
insert into SHOT values (158, 141, 146, 20, 9.040, 343.00, 41.10, 9.042, 343.03, 41.07, 0.006, 17.31, -25.09);
insert into SHOT values (159, 141, 147, 20, 8.380, 346.60, 51.80, 8.389, 346.63, 51.77, 0.010, 6.33, 26.99);
insert into SHOT values (160, 141, 148, 20, 3.930, 348.80, 58.30, 3.929, 348.85, 58.22, 0.006, 14.77, -40.16);
insert into SHOT values (161, 141, 149, 20, 2.610, 71.20, 76.00, 2.609, 70.71, 75.90, 0.007, 19.21, -19.71);
insert into SHOT values (162, 141, 150, 20, 2.890, 116.00, 51.20, 2.889, 115.86, 51.16, 0.005, 31.87, -26.83);
insert into SHOT values (163, 141, 151, 20, 2.810, 118.20, 28.20, 2.817, 118.11, 28.18, 0.008, 88.05, 15.89);
insert into SHOT values (164, 141, 152, 20, 1.150, 130.00, 9.70, 1.147, 129.61, 10.04, 0.011, 10.77, 35.35);
insert into SHOT values (165, 141, 153, 20, 19.800, 291.90, 3.20, 19.784, 291.90, 3.04, 0.057, 106.23, -76.73);
insert into SHOT values (166, 153, 141, 20, 19.770, 111.90, -2.90, 19.784, 111.90, -3.04, 0.051, 118.30, -76.94);
insert into SHOT_FLAG values(166, 'dpl');
insert into SHOT values (167, 153, 154, 20, 1.900, 109.40, 68.30, 1.906, 108.95, 68.19, 0.009, 65.55, 29.87);
insert into SHOT values (168, 153, 155, 20, 4.170, 160.90, 43.40, 4.171, 160.91, 43.48, 0.006, 334.98, 55.46);
insert into SHOT values (169, 153, 156, 20, 7.350, 163.30, 47.50, 7.347, 163.25, 47.53, 0.007, 26.64, 8.36);
insert into SHOT values (170, 153, 157, 20, 6.700, 164.80, 31.60, 6.695, 164.74, 31.62, 0.008, 28.72, -5.10);
insert into SHOT values (171, 153, 158, 20, 7.830, 166.20, 18.60, 7.825, 166.19, 18.63, 0.007, 358.63, 20.50);
insert into SHOT values (172, 153, 159, 20, 5.730, 164.20, 6.80, 5.726, 164.18, 6.82, 0.005, 9.72, 17.87);
insert into SHOT values (173, 153, 160, 20, 5.310, 163.30, -8.90, 5.306, 163.26, -8.89, 0.006, 27.39, 15.62);
insert into SHOT values (174, 153, 161, 20, 5.560, 163.60, -17.60, 5.557, 163.55, -17.60, 0.006, 41.68, 12.06);
insert into SHOT values (175, 153, 162, 20, 4.340, 161.70, -24.50, 4.341, 161.70, -24.50, 0.001, 183.33, -24.85);
insert into SHOT values (176, 153, 163, 20, 3.440, 160.30, -31.40, 3.435, 160.27, -31.40, 0.005, 2.84, 27.51);
insert into SHOT values (177, 153, 164, 20, 2.750, 159.10, -41.10, 2.741, 159.02, -41.05, 0.010, 7.01, 52.38);
insert into SHOT values (178, 153, 165, 20, 1.940, 145.90, -73.30, 1.933, 145.18, -73.15, 0.011, 77.69, 46.97);
insert into SHOT values (179, 153, 166, 20, 2.030, 359.10, -70.90, 2.024, 359.14, -70.67, 0.010, 4.25, 54.67);
insert into SHOT values (180, 153, 167, 20, 2.940, 354.40, -46.30, 2.942, 354.37, -46.10, 0.010, 348.11, 32.45);
insert into SHOT values (181, 153, 168, 20, 5.060, 356.80, -30.10, 5.055, 356.86, -30.03, 0.009, 100.89, 59.81);
insert into SHOT values (182, 153, 169, 20, 5.000, 0.30, -11.20, 5.005, 0.35, -11.18, 0.007, 39.22, 9.73);
insert into SHOT values (183, 153, 170, 20, 18.590, 257.50, -4.00, 18.588, 257.67, -4.20, 0.083, 354.83, -49.48);
insert into SHOT values (184, 170, 153, 20, 18.590, 77.80, 4.40, 18.588, 77.67, 4.20, 0.079, 351.27, -56.66);
insert into SHOT_FLAG values(184, 'dpl');
insert into SHOT values (185, 170, 171, 20, 1.360, 13.20, 57.00, 1.359, 13.28, 57.02, 0.002, 142.99, -22.54);
insert into SHOT values (186, 170, 172, 20, 3.800, 16.90, 68.40, 3.807, 17.01, 68.40, 0.008, 65.29, 61.74);
insert into SHOT values (187, 170, 173, 20, 6.890, 84.10, 74.50, 6.890, 84.07, 74.51, 0.002, 295.70, 19.18);
insert into SHOT values (188, 170, 174, 20, 8.560, 132.10, 53.60, 8.562, 132.13, 53.58, 0.005, 167.22, 1.37);
insert into SHOT values (189, 170, 175, 20, 9.570, 139.40, 36.40, 9.570, 139.42, 36.41, 0.003, 242.52, 17.24);
insert into SHOT values (190, 170, 176, 20, 8.610, 146.70, 14.60, 8.618, 146.69, 14.58, 0.008, 137.55, -2.21);
insert into SHOT values (191, 170, 177, 20, 8.680, 149.50, -0.20, 8.683, 149.48, -0.20, 0.005, 103.52, 3.62);
insert into SHOT values (192, 170, 178, 20, 5.760, 150.50, -7.20, 5.768, 150.48, -7.17, 0.009, 136.29, 12.45);
insert into SHOT values (193, 170, 179, 20, 3.150, 152.10, -17.30, 3.151, 152.07, -17.17, 0.008, 127.55, 63.14);
insert into SHOT values (194, 170, 180, 20, 1.120, 155.70, -40.40, 1.118, 155.83, -40.10, 0.007, 200.53, 64.41);
insert into SHOT values (195, 170, 181, 20, 21.010, 252.50, -0.30, 21.009, 252.81, -0.35, 0.114, 343.13, -10.07);
insert into SHOT values (196, 181, 170, 20, 21.010, 73.10, 0.40, 21.009, 72.81, 0.35, 0.109, 342.58, -8.82);
insert into SHOT_FLAG values(196, 'dpl');
insert into SHOT values (197, 181, 182, 20, 5.070, 20.30, -1.30, 5.067, 20.33, -1.24, 0.007, 158.97, 50.45);
insert into SHOT values (198, 181, 183, 20, 2.340, 156.50, 6.80, 2.350, 156.51, 6.84, 0.010, 159.17, 16.64);
insert into SHOT values (199, 181, 184, 20, 3.720, 156.20, 26.60, 3.727, 156.28, 26.62, 0.008, 199.13, 31.78);
insert into SHOT values (200, 181, 185, 20, 6.640, 151.20, 41.90, 6.649, 151.26, 41.89, 0.011, 185.88, 31.46);
insert into SHOT values (201, 181, 186, 20, 6.140, 145.90, 60.50, 6.149, 145.89, 60.46, 0.010, 142.35, 36.76);
insert into SHOT values (202, 181, 187, 20, 7.140, 139.00, 78.50, 7.145, 138.96, 78.44, 0.009, 132.92, 21.81);
insert into SHOT values (203, 181, 188, 20, 8.950, 352.30, 61.60, 8.952, 352.29, 61.67, 0.011, 177.58, 40.18);
insert into SHOT values (204, 181, 189, 20, 10.890, 348.20, 35.70, 10.888, 348.18, 35.74, 0.009, 192.79, 37.31);
insert into SHOT values (205, 181, 190, 20, 13.050, 348.80, 19.80, 13.045, 348.82, 19.81, 0.007, 133.48, -4.48);
insert into SHOT values (206, 181, 191, 20, 4.810, 347.30, 7.30, 4.807, 347.28, 7.41, 0.010, 194.53, 63.33);
insert into SHOT values (207, 181, 192, 20, 3.880, 348.60, -9.70, 3.869, 348.66, -9.67, 0.011, 146.77, 19.01);
insert into SHOT values (208, 181, 193, 20, 2.180, 350.90, -24.90, 2.174, 350.97, -24.74, 0.009, 132.07, 64.88);
insert into SHOT values (209, 181, 194, 20, 1.450, 352.60, -39.90, 1.447, 352.75, -39.99, 0.005, 133.69, 1.29);
insert into SHOT values (210, 181, 195, 20, 26.560, 226.70, 0.70, 26.559, 226.80, 0.52, 0.096, 316.90, -61.15);
insert into SHOT values (211, 195, 181, 20, 26.550, 46.90, -0.30, 26.559, 46.80, -0.52, 0.111, 327.00, -65.09);
insert into SHOT_FLAG values(211, 'dpl');
insert into SHOT values (212, 195, 196, 20, 0.940, 140.00, -49.40, 0.948, 139.60, -49.40, 0.009, 101.57, -42.21);
insert into SHOT values (213, 195, 197, 20, 1.600, 150.20, -74.70, 1.607, 150.42, -74.65, 0.008, 177.18, -61.54);
insert into SHOT values (214, 195, 198, 20, 1.670, 302.50, -56.10, 1.670, 302.66, -56.31, 0.007, 94.72, -34.80);
insert into SHOT values (215, 195, 199, 20, 3.080, 307.20, -29.80, 3.070, 307.21, -29.89, 0.011, 123.64, 3.64);
insert into SHOT values (216, 195, 200, 20, 5.690, 308.10, -7.20, 5.687, 308.09, -7.27, 0.008, 144.09, -59.66);
insert into SHOT values (217, 195, 201, 20, 8.580, 309.90, 6.10, 8.574, 309.91, 6.09, 0.006, 116.31, -17.35);
insert into SHOT values (218, 195, 202, 20, 10.660, 311.60, 20.60, 10.655, 311.59, 20.61, 0.005, 159.65, -6.87);
insert into SHOT values (219, 195, 203, 20, 11.770, 314.90, 35.90, 11.767, 314.91, 35.90, 0.004, 88.57, -24.93);
insert into SHOT values (220, 195, 204, 20, 8.500, 309.90, 47.10, 8.490, 309.95, 47.11, 0.011, 99.61, -36.19);
insert into SHOT values (221, 195, 205, 20, 6.430, 297.80, 58.40, 6.424, 297.78, 58.38, 0.007, 165.36, -77.95);
insert into SHOT values (222, 195, 206, 20, 6.210, 287.00, 64.00, 6.206, 286.90, 64.03, 0.007, 150.61, -12.54);
insert into SHOT values (223, 195, 207, 20, 8.070, 246.70, 72.60, 8.068, 246.52, 72.62, 0.008, 130.18, -4.87);
insert into SHOT values (224, 195, 208, 20, 12.390, 223.20, -2.00, 12.404, 223.10, -2.17, 0.045, 164.88, -56.99);
insert into SHOT values (225, 208, 195, 20, 12.420, 43.00, 2.30, 12.404, 43.10, 2.17, 0.039, 166.21, -46.62);
insert into SHOT_FLAG values(225, 'dpl');
insert into SHOT values (226, 208, 209, 20, 1.670, 323.10, 0.40, 1.664, 323.06, 0.34, 0.006, 153.80, -15.30);
insert into SHOT values (227, 208, 210, 20, 2.710, 325.40, 15.70, 2.702, 325.33, 15.67, 0.008, 169.06, -23.60);
insert into SHOT values (228, 208, 211, 20, 7.580, 326.30, 30.00, 7.578, 326.31, 30.01, 0.003, 120.65, -0.00);
insert into SHOT values (229, 208, 212, 20, 8.870, 330.60, 46.10, 8.864, 330.56, 46.13, 0.009, 184.84, -8.71);
insert into SHOT values (230, 208, 213, 20, 9.160, 338.00, 64.10, 9.159, 338.12, 64.12, 0.009, 88.44, 0.33);
insert into SHOT values (231, 208, 214, 20, 12.150, 352.10, 79.60, 12.149, 352.13, 79.61, 0.003, 149.67, -7.76);
insert into SHOT values (232, 208, 215, 20, 17.970, 314.60, 85.50, 17.975, 314.71, 85.51, 0.007, 89.60, 54.19);
insert into SHOT values (233, 208, 216, 20, 8.900, 104.50, 74.10, 8.900, 104.49, 74.11, 0.001, 310.27, 33.76);
insert into SHOT values (234, 208, 217, 20, 6.250, 113.40, 50.30, 6.256, 113.42, 50.26, 0.008, 126.44, 9.46);
insert into SHOT values (235, 208, 218, 20, 17.430, 137.90, 35.90, 17.434, 137.90, 35.89, 0.006, 133.57, -4.60);
insert into SHOT values (236, 208, 219, 20, 6.630, 126.40, 31.30, 6.637, 126.47, 31.32, 0.010, 178.43, 34.12);
insert into SHOT values (237, 208, 220, 20, 6.330, 123.30, 20.70, 6.331, 123.29, 20.72, 0.003, 42.55, 62.46);
insert into SHOT values (238, 208, 221, 20, 4.410, 121.30, 3.90, 4.413, 121.34, 3.90, 0.004, 172.42, 0.71);
insert into SHOT values (239, 208, 222, 20, 3.500, 120.90, -6.10, 3.504, 120.91, -6.06, 0.005, 126.38, 22.30);
insert into SHOT values (240, 208, 223, 20, 2.410, 119.20, -19.50, 2.415, 119.15, -19.35, 0.008, 103.77, 32.11);
insert into SHOT values (241, 208, 224, 20, 1.910, 114.60, -43.40, 1.915, 114.55, -43.18, 0.009, 105.69, 15.34);
insert into SHOT values (242, 208, 225, 20, 9.970, 210.00, -5.20, 9.965, 210.26, -5.30, 0.049, 308.98, -19.74);
insert into SHOT values (243, 225, 208, 20, 9.970, 30.60, 5.40, 9.965, 30.26, 5.30, 0.062, 296.72, -17.22);
insert into SHOT_FLAG values(243, 'dpl');
insert into SHOT values (244, 225, 226, 20, 7.340, 350.30, -0.00, 7.336, 350.27, 0.00, 0.006, 213.00, 0.00);
insert into SHOT_FLAG values(244, 'srf');
insert into SHOT values (245, 225, 227, 20, 2.250, 153.90, 49.10, 2.251, 154.30, 49.03, 0.011, 228.96, -3.57);
insert into SHOT values (246, 225, 228, 20, 2.590, 155.90, 74.90, 2.590, 156.47, 74.86, 0.007, 233.28, -4.78);
insert into SHOT values (247, 225, 229, 20, 4.990, 296.50, 84.70, 4.992, 295.46, 84.65, 0.009, 232.93, 8.08);
insert into SHOT values (248, 225, 230, 20, 9.450, 319.40, 72.70, 9.447, 319.33, 72.71, 0.005, 197.96, -32.63);
insert into SHOT values (249, 225, 231, 20, 12.050, 335.50, 62.30, 12.049, 335.40, 62.32, 0.010, 225.61, 5.74);
insert into SHOT values (250, 225, 232, 20, 12.350, 334.60, 51.90, 12.349, 334.58, 51.91, 0.004, 199.64, 18.67);
insert into SHOT values (251, 225, 233, 20, 9.510, 338.00, 28.90, 9.505, 337.97, 28.95, 0.010, 186.96, 22.77);
insert into SHOT values (252, 225, 234, 20, 9.000, 337.50, 16.70, 8.998, 337.48, 16.73, 0.006, 194.82, 40.75);
insert into SHOT values (253, 225, 235, 20, 8.820, 335.40, 3.70, 8.820, 335.36, 3.71, 0.007, 245.60, 7.07);
insert into SHOT values (254, 225, 236, 20, 8.260, 335.90, -1.40, 8.256, 335.83, -1.39, 0.011, 226.57, 9.11);
insert into SHOT values (255, 225, 237, 20, 4.990, 336.30, -4.10, 4.987, 336.17, -4.14, 0.012, 231.59, -15.04);
insert into SHOT values (256, 225, 238, 20, 1.990, 338.70, -35.30, 1.988, 338.66, -35.35, 0.003, 180.70, -1.14);
insert into SHOT values (257, 225, 239, 20, 1.500, 340.60, -59.90, 1.497, 340.35, -60.24, 0.010, 180.76, -13.38);
insert into SHOT values (258, 225, 240, 20, 19.710, 255.20, 2.80, 19.704, 255.29, 2.50, 0.107, 346.99, -73.95);
insert into SHOT values (259, 240, 225, 20, 19.680, 75.40, -2.20, 19.704, 75.29, -2.50, 0.113, 12.50, -67.18);
insert into SHOT_FLAG values(259, 'dpl');
insert into SHOT values (260, 240, 241, 20, 1.650, 23.40, -30.10, 1.652, 23.51, -30.16, 0.004, 91.76, -39.21);
insert into SHOT values (261, 240, 242, 20, 2.210, 23.00, -23.80, 2.208, 23.01, -23.77, 0.002, 183.57, 54.28);
insert into SHOT values (262, 240, 243, 20, 4.970, 23.80, -9.40, 4.974, 23.80, -9.37, 0.004, 19.45, 23.73);
insert into SHOT values (263, 240, 244, 20, 6.010, 24.30, 3.50, 6.013, 24.30, 3.53, 0.004, 27.75, 45.62);
insert into SHOT values (264, 240, 245, 20, 7.000, 28.90, 23.60, 7.002, 28.88, 23.57, 0.005, 359.55, -29.61);
insert into SHOT values (265, 240, 246, 20, 9.820, 31.20, 36.60, 9.824, 31.21, 36.55, 0.010, 42.53, -28.85);
insert into SHOT values (266, 240, 247, 20, 10.490, 32.00, 43.00, 10.491, 32.01, 42.96, 0.007, 49.46, -35.03);
insert into SHOT values (267, 240, 248, 20, 3.170, 33.70, 49.90, 3.170, 33.85, 49.78, 0.009, 79.94, -33.73);
insert into SHOT values (268, 240, 249, 20, 3.270, 48.00, 77.80, 3.274, 48.50, 77.76, 0.008, 110.30, 29.19);
insert into SHOT values (269, 240, 250, 20, 2.040, 176.40, 70.20, 2.041, 175.86, 70.19, 0.007, 92.93, 5.21);
insert into SHOT values (270, 240, 251, 20, 3.180, 184.70, 31.60, 3.182, 184.66, 31.65, 0.004, 107.70, 61.46);
insert into SHOT values (271, 240, 252, 20, 1.930, 210.70, 35.80, 1.927, 210.84, 35.91, 0.006, 352.18, 9.71);
insert into SHOT values (272, 240, 253, 20, 2.260, 210.80, 2.10, 2.257, 210.66, 2.03, 0.007, 90.48, -23.61);
insert into SHOT values (273, 240, 254, 20, 1.460, 217.40, -19.80, 1.455, 217.29, -19.68, 0.006, 73.63, 45.19);
insert into SHOT values (274, 240, 255, 20, 26.640, 313.00, 1.60, 26.632, 313.01, 1.36, 0.114, 103.43, -87.07);
insert into SHOT values (275, 255, 240, 20, 26.620, 133.00, -1.10, 26.632, 133.01, -1.36, 0.119, 149.92, -85.25);
insert into SHOT_FLAG values(275, 'dpl');
insert into SHOT values (276, 255, 256, 20, 4.580, 78.70, -12.00, 4.587, 78.69, -11.95, 0.008, 72.55, 17.11);
insert into SHOT_FLAG values(276, 'srf');
insert into SHOT values (277, 255, 257, 20, 0.700, 218.50, -25.50, 0.701, 217.95, -25.32, 0.007, 149.14, 11.88);
insert into SHOT values (278, 255, 258, 20, 1.510, 213.90, -53.10, 1.509, 213.69, -53.32, 0.007, 66.06, -21.76);
insert into SHOT values (279, 255, 259, 20, 1.620, 197.00, -76.70, 1.624, 196.99, -76.60, 0.005, 196.08, -42.61);
insert into SHOT values (280, 255, 260, 20, 1.960, 32.10, -59.90, 1.962, 32.07, -60.05, 0.006, 221.09, -50.35);
insert into SHOT values (281, 255, 261, 20, 2.680, 29.40, -36.10, 2.686, 29.52, -36.04, 0.008, 63.65, -6.97);
insert into SHOT values (282, 255, 262, 20, 5.000, 34.00, -12.00, 4.999, 34.08, -12.01, 0.007, 131.89, -3.66);
insert into SHOT values (283, 255, 263, 20, 4.280, 37.10, 8.30, 4.285, 37.14, 8.32, 0.006, 68.46, 20.68);
insert into SHOT values (284, 255, 264, 20, 5.620, 40.70, 28.00, 5.622, 40.75, 28.01, 0.005, 115.44, 18.74);
insert into SHOT values (285, 255, 265, 20, 7.920, 37.50, 46.20, 7.917, 37.52, 46.15, 0.007, 70.73, -64.09);
insert into SHOT values (286, 255, 266, 20, 8.680, 43.20, 54.90, 8.681, 43.22, 54.87, 0.004, 63.61, -22.11);
insert into SHOT values (287, 255, 267, 20, 7.680, 41.10, 65.40, 7.677, 41.07, 65.39, 0.003, 296.68, -57.77);
insert into SHOT values (288, 255, 268, 20, 1.750, 30.00, 70.50, 1.748, 30.11, 70.69, 0.006, 199.43, 3.45);
insert into SHOT values (289, 255, 269, 20, 11.750, 317.50, 0.10, 11.754, 317.97, -0.15, 0.108, 45.50, -27.85);
insert into SHOT values (290, 269, 255, 20, 11.760, 138.40, 0.40, 11.754, 137.97, 0.15, 0.103, 44.33, -30.25);
insert into SHOT_FLAG values(290, 'dpl');
insert into SHOT values (291, 269, 270, 20, 8.490, 163.90, 67.40, 8.484, 164.01, 67.36, 0.011, 222.09, -48.45);
insert into SHOT values (292, 269, 271, 20, 5.200, 185.20, 45.00, 5.194, 185.15, 44.96, 0.008, 60.73, -61.81);
insert into SHOT values (293, 269, 272, 20, 4.180, 197.30, 25.30, 4.178, 197.24, 25.22, 0.008, 116.53, -56.25);
insert into SHOT values (294, 269, 273, 20, 4.360, 201.50, 8.80, 4.360, 201.51, 8.71, 0.007, 217.38, -78.52);
insert into SHOT values (295, 269, 274, 20, 3.890, 200.10, 3.00, 3.893, 200.16, 2.94, 0.006, 248.88, -33.81);
insert into SHOT values (296, 269, 275, 20, 4.720, 200.20, -7.00, 4.724, 200.21, -7.05, 0.006, 215.10, -49.56);
insert into SHOT values (297, 269, 276, 20, 4.710, 199.40, -18.10, 4.720, 199.40, -18.15, 0.010, 202.04, -40.61);
insert into SHOT values (298, 269, 277, 20, 4.050, 199.20, -24.60, 4.053, 199.17, -24.64, 0.005, 157.15, -57.10);
insert into SHOT values (299, 269, 278, 20, 2.960, 197.70, -35.40, 2.963, 197.61, -35.48, 0.007, 111.99, -54.19);
insert into SHOT values (300, 269, 279, 20, 2.110, 201.60, -51.20, 2.116, 201.72, -51.26, 0.007, 257.81, -58.98);
insert into SHOT values (301, 269, 280, 20, 1.810, 196.50, -69.70, 1.812, 196.70, -69.77, 0.004, 321.74, -42.23);
insert into SHOT values (302, 269, 281, 20, 1.380, 187.80, -77.30, 1.384, 187.59, -77.36, 0.004, 63.69, -70.80);
insert into SHOT values (303, 269, 282, 20, 21.210, 270.60, -0.40, 21.213, 270.76, -0.57, 0.085, 358.34, -46.91);
insert into SHOT values (304, 282, 269, 20, 21.210, 90.90, 0.70, 21.213, 90.76, 0.57, 0.072, 4.52, -42.67);
insert into SHOT_FLAG values(304, 'dpl');
insert into SHOT values (305, 282, 283, 20, 10.780, 358.90, -1.70, 10.777, 358.94, -1.70, 0.008, 115.49, -1.49);
insert into SHOT_FLAG values(305, 'srf');
insert into SHOT values (306, 282, 284, 20, 1.600, 36.90, -66.40, 1.595, 37.41, -66.26, 0.009, 112.59, 46.60);
insert into SHOT values (307, 282, 285, 20, 1.950, 38.30, -53.00, 1.945, 38.43, -52.85, 0.008, 109.92, 68.88);
insert into SHOT values (308, 282, 286, 20, 3.360, 39.40, -29.10, 3.356, 39.61, -29.06, 0.012, 143.03, 20.68);
insert into SHOT values (309, 282, 287, 20, 5.410, 41.40, -10.30, 5.407, 41.42, -10.23, 0.008, 180.91, 69.72);
insert into SHOT values (310, 282, 288, 20, 8.180, 39.30, 2.80, 8.181, 39.34, 2.80, 0.006, 115.58, 4.11);
insert into SHOT values (311, 282, 289, 20, 9.370, 37.80, 17.10, 9.367, 37.83, 17.14, 0.008, 171.72, 36.59);
insert into SHOT values (312, 282, 290, 20, 6.590, 38.80, 32.40, 6.587, 38.87, 32.40, 0.007, 151.06, -8.64);
insert into SHOT values (313, 282, 291, 20, 4.260, 40.60, 44.80, 4.257, 40.70, 44.80, 0.006, 150.75, -16.58);
insert into SHOT values (314, 282, 292, 20, 3.080, 19.00, 64.00, 3.079, 19.11, 64.12, 0.007, 176.34, 14.48);
insert into SHOT values (315, 282, 293, 20, 3.060, 340.40, 76.80, 3.059, 340.51, 76.97, 0.009, 151.98, 5.18);
insert into SHOT values (316, 282, 294, 20, 3.870, 274.00, 73.50, 3.867, 273.67, 73.60, 0.009, 135.92, -3.89);
insert into STATION values (1, '0', 18, 0.00, 0.00, 0.00);
insert into STATION values (2, '1', 18, -9.74, 5.89, -0.11);
insert into STATION values (3, '.', 18, 1.43, 2.09, -1.34);
insert into STATION values (4, '.', 18, 1.64, 2.42, -0.40);
insert into STATION values (5, '.', 18, 2.16, 2.95, 0.76);
insert into STATION values (6, '.', 18, 2.38, 3.17, 2.65);
insert into STATION values (7, '.', 18, 2.35, 3.05, 4.89);
insert into STATION values (8, '.', 18, 1.14, 1.72, 6.62);
insert into STATION values (9, '.', 18, -0.07, -0.09, 2.01);
insert into STATION values (10, '.', 18, -0.10, -0.31, 0.84);
insert into STATION values (11, '.', 18, -0.33, -0.97, 0.42);
insert into STATION values (12, '.', 18, -0.36, -1.41, 0.18);
insert into STATION values (13, '.', 18, -0.49, -1.49, -0.68);
insert into STATION values (14, '.', 18, -0.03, 0.24, -1.49);
insert into STATION values (15, '.', 18, 1.53, 1.87, -1.47);
insert into STATION values (16, '.', 18, 1.59, 1.97, -0.23);
insert into STATION values (17, '.', 18, 2.14, 2.87, 1.09);
insert into STATION values (18, '.', 18, 2.46, 3.27, 2.99);
insert into STATION values (19, '.', 18, 1.94, 2.85, 5.19);
insert into STATION values (20, '.', 18, 1.12, 1.75, 6.47);
insert into STATION values (21, '.', 18, -0.05, -0.02, 2.25);
insert into STATION values (22, '.', 18, -0.17, -0.31, 1.03);
insert into STATION values (23, '.', 18, -0.34, -0.81, 0.63);
insert into STATION values (24, '.', 18, -0.65, -1.85, 0.12);
insert into STATION values (25, '.', 18, 0.01, 0.20, -1.50);
insert into STATION values (26, '.', 18, -9.87, 7.62, -0.62);
insert into STATION values (27, '.', 18, -9.75, 6.81, -1.07);
insert into STATION values (28, '.', 18, -9.74, 6.06, -1.07);
insert into STATION values (29, '.', 18, -9.76, 5.06, -1.42);
insert into STATION values (30, '.', 18, -9.95, 3.34, -1.28);
insert into STATION values (31, '.', 18, -10.23, 0.72, -1.09);
insert into STATION values (32, '.', 18, -10.35, -1.90, -0.42);
insert into STATION values (33, '.', 18, -9.74, -1.24, 1.79);
insert into STATION values (34, '.', 18, -10.38, 0.09, 3.40);
insert into STATION values (35, '.', 18, -9.86, 5.24, 0.60);
insert into STATION values (36, 'cible_G', 18, -11.14, -1.84, 0.55);
insert into STATION values (37, '2', 18, -14.20, -3.13, 0.51);
insert into STATION values (38, '.', 18, -13.87, -1.63, -1.05);
insert into STATION values (39, '.', 18, -13.85, -0.46, -1.17);
insert into STATION values (40, '.', 18, -14.20, 6.30, -1.51);
insert into STATION values (41, '.', 18, -14.26, 2.70, 3.09);
insert into STATION values (42, '.', 18, -14.08, 0.10, 3.45);
insert into STATION values (43, '.', 18, -13.95, -1.48, 3.92);
insert into STATION values (44, '.', 18, -13.75, -3.20, 3.30);
insert into STATION values (45, '.', 18, -13.63, -4.07, 2.24);
insert into STATION values (46, '.', 18, -13.67, -4.11, 1.38);
insert into STATION values (47, '.', 18, -13.89, -3.76, 0.80);
insert into STATION values (48, '3', 18, -24.00, -4.55, -0.32);
insert into STATION values (49, '.', 18, -21.39, -5.65, -1.44);
insert into STATION values (50, '.', 18, -17.61, -7.30, -0.09);
insert into STATION values (51, '.', 18, -17.01, -7.26, 3.66);
insert into STATION values (52, '.', 18, -19.97, -5.86, 5.47);
insert into STATION values (53, '.', 18, -23.12, -4.39, 4.45);
insert into STATION values (54, '.', 18, -24.36, -3.20, 4.39);
insert into STATION values (55, '.', 18, -25.27, -2.31, 2.89);
insert into STATION values (56, '.', 18, -24.72, -3.46, 0.80);
insert into STATION values (57, '4', 18, -38.91, -12.54, -0.81);
insert into STATION values (58, '.', 18, -37.32, -12.72, -1.63);
insert into STATION values (59, '.', 18, -36.01, -13.03, -1.36);
insert into STATION values (60, '.', 18, -33.27, -13.63, -0.74);
insert into STATION values (61, '.', 18, -33.21, -13.47, 0.72);
insert into STATION values (62, '.', 18, -33.41, -13.11, 2.82);
insert into STATION values (63, '.', 18, -35.86, -12.81, 3.56);
insert into STATION values (64, '.', 18, -38.05, -12.30, 5.11);
insert into STATION values (65, '.', 18, -40.76, -11.34, 4.81);
insert into STATION values (66, '.', 18, -41.64, -10.72, 3.33);
insert into STATION values (67, '.', 18, -39.50, -12.05, -0.15);
insert into STATION values (68, '5', 18, -34.45, -35.93, -0.48);
insert into STATION values (69, '.', 18, -34.49, -35.77, -1.92);
insert into STATION values (70, '.', 18, -35.13, -35.07, -1.95);
insert into STATION values (71, '.', 18, -38.00, -32.74, -1.96);
insert into STATION values (72, '.', 18, -38.99, -31.45, 0.80);
insert into STATION values (73, '.', 18, -40.16, -30.62, 4.49);
insert into STATION values (74, '.', 18, -37.51, -33.67, 5.15);
insert into STATION values (75, '.', 18, -35.49, -35.43, 3.43);
insert into STATION values (76, '.', 18, -34.48, -36.55, 2.12);
insert into STATION values (77, '.', 18, -33.44, -37.44, 1.71);
insert into STATION values (78, '6', 18, -55.65, -35.43, -0.20);
insert into STATION values (79, '.', 18, -55.30, -35.16, -1.83);
insert into STATION values (80, '.', 18, -54.84, -34.45, -1.76);
insert into STATION values (81, '.', 18, -53.60, -32.14, -1.38);
insert into STATION values (82, '.', 18, -52.18, -30.82, -0.12);
insert into STATION values (83, '.', 18, -52.36, -31.32, 2.43);
insert into STATION values (84, '.', 18, -53.92, -31.71, 4.53);
insert into STATION values (85, '.', 18, -54.58, -33.32, 6.27);
insert into STATION values (86, '.', 18, -56.01, -35.14, 3.19);
insert into STATION values (87, '.', 18, -56.17, -35.75, 1.67);
insert into STATION values (88, '.', 18, -56.33, -35.80, 0.94);
insert into STATION values (89, 'cible_F', 18, -58.72, -29.73, -1.35);
insert into STATION values (90, '7', 18, -61.42, -21.05, -0.17);
insert into STATION values (91, '.', 18, -56.04, -35.59, -0.12);
insert into STATION values (92, '.', 18, -55.49, -35.37, -0.25);
insert into STATION values (93, '.', 18, -61.50, -21.09, -1.82);
insert into STATION values (94, '.', 18, -61.70, -21.83, -1.59);
insert into STATION values (95, '.', 18, -62.76, -24.32, -1.82);
insert into STATION values (96, '.', 18, -64.54, -27.54, -0.01);
insert into STATION values (97, '.', 18, -65.20, -28.44, 2.93);
insert into STATION values (98, '.', 18, -64.24, -26.21, 4.34);
insert into STATION values (99, '.', 18, -63.10, -23.52, 5.26);
insert into STATION values (100, '.', 18, -61.81, -20.68, 5.56);
insert into STATION values (101, '.', 18, -60.90, -19.34, 3.88);
insert into STATION values (102, '.', 18, -61.32, -20.49, 0.41);
insert into STATION values (103, '8', 18, -81.64, -31.16, -0.25);
insert into STATION values (104, '.', 18, -81.10, -32.15, -1.12);
insert into STATION values (105, '.', 18, -80.80, -32.71, -1.28);
insert into STATION values (106, '.', 18, -79.72, -34.70, -2.21);
insert into STATION values (107, '.', 18, -78.97, -36.35, -1.96);
insert into STATION values (108, '.', 18, -79.65, -35.05, 0.00);
insert into STATION values (109, '.', 18, -79.07, -36.32, 2.93);
insert into STATION values (110, '.', 18, -79.32, -35.07, 4.42);
insert into STATION values (111, '.', 18, -80.35, -32.52, 5.90);
insert into STATION values (112, '.', 18, -81.10, -29.22, 5.73);
insert into STATION values (113, '.', 18, -81.88, -25.34, 4.56);
insert into STATION values (114, '.', 18, -83.86, -16.95, 3.39);
insert into STATION values (115, '.', 18, -82.98, -22.13, 0.77);
insert into STATION values (116, '.', 18, -81.90, -28.50, -0.31);
insert into STATION values (117, '.', 18, -81.72, -30.08, -0.77);
insert into STATION values (118, '.', 18, -81.67, -30.69, -0.77);
insert into STATION values (119, '9', 18, -98.00, -43.60, -0.36);
insert into STATION values (120, '.', 18, -99.54, -42.53, -2.12);
insert into STATION values (121, '.', 18, -98.21, -43.38, -1.87);
insert into STATION values (122, '.', 18, -97.41, -44.05, -1.82);
insert into STATION values (123, '.', 18, -94.20, -45.70, -0.59);
insert into STATION values (124, '.', 18, -90.23, -47.41, 1.21);
insert into STATION values (125, '.', 18, -83.97, -50.69, 8.04);
insert into STATION values (126, '.', 18, -86.81, -49.11, 12.37);
insert into STATION values (127, '.', 18, -88.29, -48.57, 14.50);
insert into STATION values (128, '.', 18, -97.65, -43.79, 0.31);
insert into STATION values (129, '10', 18, -99.28, -63.60, -0.50);
insert into STATION values (130, 'cible_E', 18, -102.41, -59.32, -1.11);
insert into STATION values (131, '.', 18, -97.86, -63.81, -0.67);
insert into STATION values (132, '.', 18, -97.60, -63.77, -1.78);
insert into STATION values (133, '.', 18, -99.31, -63.65, -2.03);
insert into STATION values (134, '.', 18, -100.33, -63.19, -2.13);
insert into STATION values (135, '.', 18, -102.80, -61.12, -2.01);
insert into STATION values (136, '.', 18, -112.35, -54.61, 4.08);
insert into STATION values (137, '.', 18, -108.84, -56.62, 5.90);
insert into STATION values (138, '.', 18, -103.14, -60.46, 2.96);
insert into STATION values (139, '.', 18, -102.85, -60.02, 4.49);
insert into STATION values (140, '.', 18, -100.95, -61.71, 3.19);
insert into STATION values (141, '11', 18, -107.98, -80.24, -0.86);
insert into STATION values (142, '.', 18, -108.59, -78.85, -2.29);
insert into STATION values (143, '.', 18, -109.45, -77.26, -2.09);
insert into STATION values (144, '.', 18, -110.32, -75.15, -0.56);
insert into STATION values (145, '.', 18, -110.73, -73.97, 2.00);
insert into STATION values (146, '.', 18, -109.97, -73.72, 5.08);
insert into STATION values (147, '.', 18, -109.18, -75.19, 5.73);
insert into STATION values (148, '.', 18, -108.38, -78.21, 2.48);
insert into STATION values (149, '.', 18, -107.38, -80.03, 1.67);
insert into STATION values (150, '.', 18, -106.35, -81.03, 1.39);
insert into STATION values (151, '.', 18, -105.79, -81.41, 0.47);
insert into STATION values (152, '.', 18, -107.11, -80.96, -0.66);
insert into STATION values (153, '12', 18, -126.31, -72.87, 0.19);
insert into STATION values (154, '.', 18, -125.64, -73.10, 1.96);
insert into STATION values (155, '.', 18, -125.32, -75.73, 3.06);
insert into STATION values (156, '.', 18, -124.88, -77.62, 5.61);
insert into STATION values (157, '.', 18, -124.81, -78.37, 3.70);
insert into STATION values (158, '.', 18, -124.54, -80.07, 2.69);
insert into STATION values (159, '.', 18, -124.76, -78.34, 0.87);
insert into STATION values (160, '.', 18, -124.80, -77.89, -0.63);
insert into STATION values (161, '.', 18, -124.81, -77.95, -1.49);
insert into STATION values (162, '.', 18, -125.07, -76.62, -1.61);
insert into STATION values (163, '.', 18, -125.32, -75.63, -1.60);
insert into STATION values (164, '.', 18, -125.57, -74.80, -1.61);
insert into STATION values (165, '.', 18, -125.99, -73.33, -1.66);
insert into STATION values (166, '.', 18, -126.32, -72.20, -1.72);
insert into STATION values (167, '.', 18, -126.51, -70.84, -1.93);
insert into STATION values (168, '.', 18, -126.55, -68.50, -2.34);
insert into STATION values (169, '.', 18, -126.28, -67.96, -0.78);
insert into STATION values (170, '13', 18, -144.42, -76.83, -1.17);
insert into STATION values (171, '.', 18, -144.25, -76.11, -0.03);
insert into STATION values (172, '.', 18, -144.01, -75.49, 2.37);
insert into STATION values (173, '.', 18, -142.59, -76.64, 5.47);
insert into STATION values (174, '.', 18, -140.65, -80.24, 5.72);
insert into STATION values (175, '.', 18, -139.41, -82.68, 4.51);
insert into STATION values (176, '.', 18, -139.84, -83.80, 1.00);
insert into STATION values (177, '.', 18, -140.01, -84.31, -1.20);
insert into STATION values (178, '.', 18, -141.60, -81.81, -1.89);
insert into STATION values (179, '.', 18, -143.01, -79.49, -2.10);
insert into STATION values (180, '.', 18, -144.07, -77.61, -1.89);
insert into STATION values (181, '14', 18, -164.49, -83.04, -1.30);
insert into STATION values (182, '.', 18, -162.73, -78.29, -1.41);
insert into STATION values (183, '.', 18, -163.56, -85.18, -1.02);
insert into STATION values (184, '.', 18, -163.15, -86.09, 0.37);
insert into STATION values (185, '.', 18, -162.11, -87.38, 3.14);
insert into STATION values (186, '.', 18, -162.79, -85.55, 4.05);
insert into STATION values (187, '.', 18, -163.55, -84.12, 5.70);
insert into STATION values (188, '.', 18, -165.06, -78.83, 6.58);
insert into STATION values (189, '.', 18, -166.30, -74.39, 5.06);
insert into STATION values (190, '.', 18, -166.87, -71.00, 3.12);
insert into STATION values (191, '.', 18, -165.54, -78.39, -0.68);
insert into STATION values (192, '.', 18, -165.24, -79.30, -1.95);
insert into STATION values (193, '.', 18, -164.80, -81.09, -2.21);
insert into STATION values (194, '.', 18, -164.63, -81.94, -2.23);
insert into STATION values (195, '15', 18, -183.85, -101.22, -1.06);
insert into STATION values (196, '.', 18, -183.45, -101.69, -1.78);
insert into STATION values (197, '.', 18, -183.64, -101.59, -2.61);
insert into STATION values (198, '.', 18, -184.63, -100.72, -2.45);
insert into STATION values (199, '.', 18, -185.97, -99.61, -2.59);
insert into STATION values (200, '.', 18, -188.29, -97.74, -1.78);
insert into STATION values (201, '.', 18, -190.39, -95.75, -0.15);
insert into STATION values (202, '.', 18, -191.31, -94.60, 2.69);
insert into STATION values (203, '.', 18, -190.60, -94.49, 5.84);
insert into STATION values (204, '.', 18, -188.28, -97.51, 5.16);
insert into STATION values (205, '.', 18, -186.83, -99.65, 4.41);
insert into STATION values (206, '.', 18, -186.45, -100.43, 4.52);
insert into STATION values (207, '.', 18, -186.06, -102.18, 6.64);
insert into STATION values (208, '16', 18, -192.32, -110.27, -1.53);
insert into STATION values (209, '.', 18, -193.32, -108.94, -1.52);
insert into STATION values (210, '.', 18, -193.80, -108.13, -0.80);
insert into STATION values (211, '.', 18, -195.96, -104.81, 2.26);
insert into STATION values (212, '.', 18, -195.34, -104.92, 4.86);
insert into STATION values (213, '.', 18, -193.81, -106.56, 6.71);
insert into STATION values (214, '.', 18, -192.62, -108.10, 10.42);
insert into STATION values (215, '.', 18, -193.32, -109.28, 16.39);
insert into STATION values (216, '.', 18, -189.96, -110.88, 7.03);
insert into STATION values (217, '.', 18, -188.65, -111.86, 3.28);
insert into STATION values (218, '.', 18, -182.85, -120.75, 8.69);
insert into STATION values (219, '.', 18, -187.76, -113.64, 1.92);
insert into STATION values (220, '.', 18, -187.37, -113.52, 0.71);
insert into STATION values (221, '.', 18, -188.56, -112.56, -1.23);
insert into STATION values (222, '.', 18, -189.33, -112.06, -1.90);
insert into STATION values (223, '.', 18, -190.33, -111.38, -2.33);
insert into STATION values (224, '.', 18, -191.05, -110.85, -2.84);
insert into STATION values (225, '17', 18, -197.32, -118.84, -2.45);
insert into STATION values (226, 'cible_C', 18, -198.56, -111.61, -2.45);
insert into STATION values (227, '.', 18, -196.68, -120.17, -0.75);
insert into STATION values (228, '.', 18, -197.05, -119.46, 0.05);
insert into STATION values (229, '.', 18, -197.74, -118.64, 2.52);
insert into STATION values (230, '.', 18, -199.15, -116.71, 6.57);
insert into STATION values (231, '.', 18, -199.65, -113.75, 8.22);
insert into STATION values (232, '.', 18, -200.59, -111.96, 7.27);
insert into STATION values (233, '.', 18, -200.44, -111.13, 2.15);
insert into STATION values (234, '.', 18, -200.62, -110.88, 0.14);
insert into STATION values (235, '.', 18, -200.99, -110.84, -1.88);
insert into STATION values (236, '.', 18, -200.70, -111.31, -2.65);
insert into STATION values (237, '.', 18, -199.33, -114.29, -2.81);
insert into STATION values (238, '.', 18, -197.91, -117.33, -3.60);
insert into STATION values (239, '.', 18, -197.57, -118.14, -3.75);
insert into STATION values (240, '18', 18, -216.36, -123.84, -1.59);
insert into STATION values (241, '.', 18, -215.79, -122.53, -2.42);
insert into STATION values (242, '.', 18, -215.57, -121.98, -2.48);
insert into STATION values (243, '.', 18, -214.38, -119.35, -2.40);
insert into STATION values (244, '.', 18, -213.89, -118.37, -1.22);
insert into STATION values (245, '.', 18, -213.26, -118.22, 1.21);
insert into STATION values (246, '.', 18, -212.27, -117.09, 4.26);
insert into STATION values (247, '.', 18, -212.29, -117.33, 5.56);
insert into STATION values (248, '.', 18, -215.22, -122.14, 0.83);
insert into STATION values (249, '.', 18, -215.84, -123.38, 1.61);
insert into STATION values (250, '.', 18, -216.31, -124.53, 0.33);
insert into STATION values (251, '.', 18, -216.58, -126.54, 0.08);
insert into STATION values (252, '.', 18, -217.16, -125.18, -0.46);
insert into STATION values (253, '.', 18, -217.51, -125.78, -1.51);
insert into STATION values (254, '.', 18, -217.19, -124.93, -2.08);
insert into STATION values (255, '19', 18, -235.83, -105.68, -0.96);
insert into STATION values (256, 'cible_B', 18, -231.43, -104.80, -1.91);
insert into STATION values (257, '.', 18, -236.22, -106.18, -1.26);
insert into STATION values (258, '.', 18, -236.33, -106.43, -2.17);
insert into STATION values (259, '.', 18, -235.94, -106.04, -2.54);
insert into STATION values (260, '.', 18, -235.31, -104.85, -2.66);
insert into STATION values (261, '.', 18, -234.76, -103.79, -2.54);
insert into STATION values (262, '.', 18, -233.09, -101.63, -2.00);
insert into STATION values (263, '.', 18, -233.27, -102.30, -0.34);
insert into STATION values (264, '.', 18, -232.59, -101.92, 1.68);
insert into STATION values (265, '.', 18, -232.49, -101.33, 4.75);
insert into STATION values (266, '.', 18, -232.41, -102.04, 6.14);
insert into STATION values (267, '.', 18, -233.73, -103.27, 6.02);
insert into STATION values (268, '.', 18, -235.54, -105.18, 0.69);
insert into STATION values (269, '20', 18, -243.70, -96.95, -0.99);
insert into STATION values (270, '.', 18, -242.80, -100.09, 6.84);
insert into STATION values (271, '.', 18, -244.03, -100.61, 2.68);
insert into STATION values (272, '.', 18, -244.82, -100.56, 0.79);
insert into STATION values (273, '.', 18, -245.28, -100.96, -0.33);
insert into STATION values (274, '.', 18, -245.04, -100.60, -0.79);
insert into STATION values (275, '.', 18, -245.32, -101.35, -1.57);
insert into STATION values (276, '.', 18, -245.19, -101.18, -2.46);
insert into STATION values (277, '.', 18, -244.91, -100.43, -2.68);
insert into STATION values (278, '.', 18, -244.43, -99.25, -2.71);
insert into STATION values (279, '.', 18, -244.19, -98.18, -2.64);
insert into STATION values (280, '.', 18, -243.88, -97.55, -2.69);
insert into STATION values (281, '.', 18, -243.74, -97.25, -2.34);
insert into STATION values (282, '21', 18, -264.91, -96.67, -1.20);
insert into STATION values (283, 'cible_A', 18, -265.11, -85.90, -1.52);
insert into STATION values (284, '.', 18, -264.52, -96.16, -2.66);
insert into STATION values (285, '.', 18, -264.18, -95.75, -2.75);
insert into STATION values (286, '.', 18, -263.04, -94.41, -2.83);
insert into STATION values (287, '.', 18, -261.39, -92.68, -2.16);
insert into STATION values (288, '.', 18, -259.73, -90.35, -0.80);
insert into STATION values (289, '.', 18, -259.42, -89.60, 1.56);
insert into STATION values (290, '.', 18, -261.42, -92.34, 2.33);
insert into STATION values (291, '.', 18, -262.94, -94.38, 1.80);
insert into STATION values (292, '.', 18, -264.47, -95.40, 1.57);
insert into STATION values (293, '.', 18, -265.14, -96.02, 1.78);
insert into STATION values (294, '.', 18, -266.00, -96.60, 2.51);
