create table SURVEY (ID integer, PARENT_ID integer, NAME varchar(14), FULL_NAME varchar(14), TITLE varchar(16));
create table CENTRELINE (ID integer, SURVEY_ID integer, TITLE varchar(4), TOPO_DATE date, EXPLO_DATE date, LENGTH real, SURFACE_LENGTH real, DUPLICATE_LENGTH real);
create table PERSON (ID integer, NAME varchar(10), SURNAME varchar(8));
create table EXPLO (PERSON_ID integer, CENTRELINE_ID integer);
create table TOPO (PERSON_ID integer, CENTRELINE_ID integer);
create table STATION (ID integer, NAME varchar(10), SURVEY_ID integer, X real, Y real, Z real);
create table STATION_FLAG (STATION_ID integer, FLAG char(3));
create table SHOT (ID integer, FROM_ID integer, TO_ID integer, CENTRELINE_ID integer, LENGTH real, BEARING real, GRADIENT real, ADJ_LENGTH real, ADJ_BEARING real, ADJ_GRADIENT real, ERR_LENGTH real, ERR_BEARING real, ERR_GRADIENT real);
create table SHOT_FLAG (SHOT_ID integer, FLAG char(3));
create table MAPS (ID integer, SURVEY_ID integer, NAME varchar(14), TITLE varchar(16), PROJID integer, LENGTH real, DEPTH real);
create table SCRAPS (ID integer, SURVEY_ID integer, NAME varchar(14), PROJID integer, MAX_DISTORTION real, AVG_DISTORTION real);
create table MAPITEMS (ID integer, TYPE integer, ITEMID integer);
insert into SURVEY values (1, 0, '', '', NULL);
 insert into CENTRELINE values (2, 1, NULL, NULL, NULL, 0.00, 0.00, 0.00);
 insert into SURVEY values (18, 1, 'markov_spodmol', 'markov_spodmol', 'Markov Spodmol');
 insert into CENTRELINE values (19, 18, NULL, NULL, NULL, 0.00, 0.00, 0.00);
 insert into CENTRELINE values (20, 18, NULL, '2024-05-03', NULL, 426.33, 65.89, 384.37);
 insert into PERSON values (1, 'Matija', 'Perne');
insert into TOPO values (1, 20);
 insert into PERSON values (2, 'Tanguy', 'Racine');
insert into TOPO values (2, 20);
 insert into PERSON values (3, 'Philippe', 'Renard');
insert into TOPO values (3, 20);
 insert into PERSON values (4, 'Celia', 'Trunz');
insert into TOPO values (4, 20);
 insert into SHOT values (1, 1, 2, 20, 7.430, 69.31, -3.90, 7.426, 69.29, -3.94, 0.007, 277.75, -45.16);
insert into SHOT_FLAG values(1, 'srf');
insert into SHOT values (2, 1, 3, 20, 6.250, 51.91, -0.60, 6.246, 51.83, -0.64, 0.011, 296.94, -25.38);
insert into SHOT values (3, 1, 4, 20, 5.950, 52.01, -15.60, 5.947, 51.95, -15.61, 0.007, 289.95, 0.62);
insert into SHOT values (4, 1, 5, 20, 6.250, 53.81, 7.30, 6.247, 53.80, 7.27, 0.005, 256.37, -52.70);
insert into SHOT values (5, 1, 6, 20, 5.420, 56.41, 19.10, 5.412, 56.40, 19.09, 0.008, 239.18, -25.78);
insert into SHOT values (6, 1, 7, 20, 1.920, 38.61, 79.20, 1.913, 38.16, 79.27, 0.008, 255.73, -52.29);
insert into SHOT values (7, 1, 8, 20, 1.930, 229.71, 81.10, 1.923, 230.44, 81.08, 0.008, 324.00, -60.48);
insert into SHOT values (8, 1, 9, 20, 1.830, 212.61, 53.80, 1.827, 212.96, 53.58, 0.010, 273.45, -41.58);
insert into SHOT values (9, 1, 10, 20, 1.900, 209.61, 28.20, 1.901, 209.62, 27.92, 0.009, 213.27, -57.66);
insert into SHOT values (10, 1, 11, 20, 2.090, 212.01, 7.60, 2.093, 212.01, 7.41, 0.007, 211.08, -59.13);
insert into SHOT values (11, 1, 12, 20, 3.760, 212.01, -1.30, 3.766, 212.09, -1.37, 0.009, 252.47, -30.43);
insert into SHOT values (12, 1, 13, 20, 11.640, 182.71, 12.00, 11.637, 182.72, 12.00, 0.004, 322.45, -1.43);
insert into SHOT values (13, 1, 14, 20, 3.810, 191.11, 18.10, 3.806, 191.15, 18.06, 0.006, 327.11, -40.38);
insert into SHOT values (14, 1, 15, 20, 6.960, 74.01, -4.30, 6.958, 74.02, -4.37, 0.009, 218.95, -70.78);
insert into SHOT values (15, 1, 16, 20, 6.430, 66.61, -17.30, 6.429, 66.57, -17.38, 0.009, 299.66, -56.68);
insert into SHOT values (16, 1, 17, 20, 15.670, 100.81, -3.60, 15.658, 100.55, -3.77, 0.086, 358.65, -32.47);
insert into SHOT values (17, 17, 1, 20, 15.660, 280.31, 3.90, 15.658, 280.55, 3.77, 0.074, 10.20, -28.17);
insert into SHOT_FLAG values(17, 'dpl');
insert into SHOT values (18, 17, 18, 20, 4.280, 354.41, 77.60, 4.279, 354.35, 77.66, 0.005, 185.21, -1.91);
insert into SHOT values (19, 17, 19, 20, 4.220, 350.21, 48.70, 4.216, 350.27, 48.75, 0.006, 141.12, -3.22);
insert into SHOT values (20, 17, 20, 20, 3.960, 348.21, 30.70, 3.955, 348.29, 30.71, 0.007, 118.06, -14.67);
insert into SHOT values (21, 17, 21, 20, 4.390, 348.41, 17.60, 4.391, 348.42, 17.63, 0.003, 46.55, 64.38);
insert into SHOT values (22, 17, 22, 20, 3.010, 345.71, 5.60, 3.007, 345.69, 5.53, 0.005, 188.62, -51.70);
insert into SHOT values (23, 17, 23, 20, 2.190, 343.41, -21.00, 2.188, 343.52, -20.89, 0.006, 81.20, 51.02);
insert into SHOT values (24, 17, 24, 20, 1.620, 340.91, -62.60, 1.619, 341.08, -62.80, 0.006, 139.44, -16.32);
insert into SHOT values (25, 17, 25, 20, 3.340, 252.51, 88.10, 3.342, 248.20, 88.15, 0.009, 140.08, 11.85);
insert into SHOT values (26, 17, 26, 20, 1.820, 141.91, 55.90, 1.826, 142.13, 55.80, 0.008, 175.90, 22.77);
insert into SHOT values (27, 17, 27, 20, 3.050, 157.11, 20.80, 3.052, 157.12, 20.72, 0.005, 165.84, -41.58);
insert into SHOT values (28, 17, 28, 20, 8.600, 181.71, 2.80, 8.604, 181.67, 2.80, 0.007, 124.71, -0.86);
insert into SHOT values (29, 17, 29, 20, 1.350, 279.31, -65.10, 1.345, 279.13, -65.07, 0.005, 154.56, 64.70);
insert into SHOT values (30, 17, 30, 20, 13.320, 58.21, 3.60, 13.330, 57.71, 3.27, 0.140, 335.19, -33.13);
insert into SHOT values (31, 30, 17, 20, 13.340, 237.21, -2.90, 13.330, 237.71, -3.27, 0.145, 334.56, -36.00);
insert into SHOT_FLAG values(31, 'dpl');
insert into SHOT values (32, 30, 31, 20, 0.760, 331.41, 18.00, 0.752, 331.65, 17.81, 0.009, 128.15, -32.80);
insert into SHOT values (33, 30, 32, 20, 1.970, 338.01, 40.90, 1.967, 338.27, 40.97, 0.008, 95.06, 1.20);
insert into SHOT values (34, 30, 33, 20, 3.660, 334.81, 45.80, 3.656, 334.94, 45.78, 0.007, 79.97, -31.97);
insert into SHOT values (35, 30, 34, 20, 3.140, 326.41, 80.00, 3.137, 326.31, 80.07, 0.005, 158.12, -26.95);
insert into SHOT values (36, 30, 35, 20, 3.840, 158.91, 66.20, 3.839, 158.88, 66.11, 0.006, 151.13, -35.61);
insert into SHOT values (37, 30, 36, 20, 3.230, 164.01, 37.70, 3.231, 163.90, 37.57, 0.009, 119.06, -37.92);
insert into SHOT values (38, 30, 37, 20, 4.070, 161.21, 16.40, 4.074, 161.19, 16.39, 0.004, 149.51, 11.34);
insert into SHOT values (39, 30, 38, 20, 4.520, 162.61, -0.00, 4.526, 162.65, 0.00, 0.007, 189.62, 0.00);
insert into SHOT values (40, 30, 39, 20, 4.040, 160.91, -11.00, 4.043, 160.88, -10.98, 0.004, 130.51, 13.30);
insert into SHOT values (41, 30, 40, 20, 2.870, 160.11, -20.50, 2.875, 160.02, -20.56, 0.008, 112.20, -40.65);
insert into SHOT values (42, 30, 41, 20, 3.430, 160.61, -33.50, 3.435, 160.62, -33.58, 0.007, 172.29, -73.21);
insert into SHOT values (43, 30, 42, 20, 3.660, 161.71, -45.30, 3.670, 161.71, -45.33, 0.010, 161.01, -54.69);
insert into SHOT values (44, 30, 43, 20, 3.070, 160.41, -56.00, 3.076, 160.30, -55.99, 0.007, 121.77, -43.67);
insert into SHOT values (45, 30, 44, 20, 0.370, 145.01, -66.80, 0.372, 143.13, -66.19, 0.006, 95.27, 0.71);
insert into SHOT values (46, 45, 30, 20, 13.840, 255.31, 0.70, 13.845, 255.78, 0.58, 0.119, 343.04, -14.18);
insert into SHOT_FLAG values(46, 'dpl');
insert into SHOT values (47, 45, 46, 20, 4.500, 248.81, 62.50, 4.508, 248.86, 62.53, 0.009, 293.71, 71.03);
insert into SHOT values (48, 45, 47, 20, 5.490, 239.11, 51.90, 5.492, 239.12, 51.87, 0.003, 256.69, -4.96);
insert into SHOT values (49, 45, 48, 20, 7.830, 254.31, 31.30, 7.830, 254.30, 31.32, 0.002, 109.75, 63.20);
insert into SHOT values (50, 30, 45, 20, 13.840, 76.21, -0.40, 13.845, 75.78, -0.58, 0.111, 348.42, -22.93);
insert into SHOT values (51, 45, 49, 20, 17.600, 137.61, 0.20, 17.605, 137.16, -0.03, 0.154, 49.69, -27.65);
insert into SHOT values (52, 49, 45, 20, 17.620, 316.71, 0.30, 17.605, 317.16, 0.03, 0.163, 52.79, -30.24);
insert into SHOT_FLAG values(52, 'dpl');
insert into SHOT values (53, 49, 50, 20, 9.070, 37.51, -2.00, 9.070, 37.51, -2.02, 0.004, 122.76, -70.93);
insert into SHOT_FLAG values(53, 'srf');
insert into SHOT values (54, 49, 51, 20, 1.250, 117.21, 85.60, 1.244, 113.96, 85.46, 0.009, 50.78, -46.08);
insert into SHOT values (55, 49, 52, 20, 2.090, 27.21, 73.70, 2.084, 27.44, 73.67, 0.006, 133.16, -67.57);
insert into SHOT values (56, 49, 53, 20, 2.170, 29.51, 50.40, 2.166, 29.54, 50.45, 0.004, 198.54, -26.67);
insert into SHOT values (57, 49, 54, 20, 4.390, 24.71, 32.90, 4.388, 24.69, 32.84, 0.005, 336.65, -70.29);
insert into SHOT values (58, 49, 55, 20, 6.230, 17.51, 24.70, 6.230, 17.47, 24.67, 0.005, 309.11, -43.95);
insert into SHOT values (59, 49, 56, 20, 7.660, 16.31, 10.60, 7.665, 16.34, 10.60, 0.007, 58.44, 7.69);
insert into SHOT values (60, 49, 57, 20, 9.750, 16.71, 2.30, 9.749, 16.70, 2.29, 0.002, 216.46, -48.98);
insert into SHOT values (61, 49, 58, 20, 8.880, 17.81, -6.50, 8.881, 17.82, -6.53, 0.005, 97.00, -68.76);
insert into SHOT values (62, 49, 59, 20, 5.480, 18.71, -14.20, 5.482, 18.78, -14.26, 0.009, 107.31, -41.81);
insert into SHOT values (63, 49, 60, 20, 5.440, 18.51, -17.20, 5.442, 18.50, -17.21, 0.002, 12.39, -32.88);
insert into SHOT values (64, 49, 61, 20, 4.320, 17.31, -23.60, 4.321, 17.34, -23.60, 0.002, 76.73, -11.68);
insert into SHOT values (65, 49, 62, 20, 4.670, 17.51, -28.60, 4.674, 17.60, -28.64, 0.008, 92.26, -34.45);
insert into SHOT values (66, 49, 63, 20, 3.350, 14.91, -37.30, 3.355, 14.97, -37.24, 0.007, 42.62, 0.53);
insert into SHOT values (67, 49, 64, 20, 2.010, 14.01, -48.40, 2.013, 14.35, -48.59, 0.011, 124.52, -39.20);
insert into SHOT values (68, 49, 65, 20, 1.340, 9.61, -72.10, 1.346, 9.69, -72.00, 0.006, 17.89, -49.75);
insert into SHOT values (69, 49, 66, 20, 0.910, 195.51, -80.80, 0.912, 195.95, -80.81, 0.002, 280.07, -56.74);
insert into SHOT values (70, 49, 67, 20, 8.750, 76.91, -10.90, 8.742, 76.45, -11.08, 0.074, 335.66, -20.00);
insert into SHOT values (71, 67, 49, 20, 8.720, 256.01, 11.30, 8.742, 256.45, 11.08, 0.077, 323.41, -21.76);
insert into SHOT_FLAG values(71, 'dpl');
insert into SHOT values (72, 67, 68, 20, 3.130, 27.71, -3.20, 3.123, 27.72, -3.30, 0.009, 204.08, -35.40);
insert into SHOT values (73, 67, 69, 20, 3.420, 27.71, 12.70, 3.416, 27.72, 12.68, 0.004, 198.09, -25.28);
insert into SHOT values (74, 67, 70, 20, 3.530, 29.81, 26.20, 3.526, 29.72, 26.08, 0.010, 291.08, -60.93);
insert into SHOT values (75, 67, 71, 20, 3.080, 31.11, 42.00, 3.079, 31.05, 42.00, 0.003, 275.62, -19.95);
insert into SHOT values (76, 67, 72, 20, 2.760, 23.11, 61.40, 2.753, 22.85, 61.52, 0.010, 238.58, -17.98);
insert into SHOT values (77, 67, 73, 20, 2.970, 238.61, 84.60, 2.964, 237.99, 84.52, 0.008, 197.78, -55.84);
insert into SHOT values (78, 67, 74, 20, 3.420, 216.51, 63.10, 3.425, 216.65, 62.94, 0.011, 236.40, 0.26);
insert into SHOT values (79, 67, 75, 20, 4.750, 206.41, 48.60, 4.752, 206.40, 48.51, 0.008, 204.29, -22.89);
insert into SHOT values (80, 67, 76, 20, 5.420, 204.61, 37.80, 5.426, 204.65, 37.73, 0.009, 226.96, -11.98);
insert into SHOT values (81, 67, 77, 20, 4.470, 202.81, 28.40, 4.473, 202.85, 28.29, 0.010, 227.20, -37.25);
insert into SHOT values (82, 67, 78, 20, 3.710, 203.71, 20.20, 3.711, 203.70, 20.17, 0.002, 182.83, -27.68);
insert into SHOT values (83, 67, 79, 20, 4.100, 201.61, 10.60, 4.104, 201.67, 10.53, 0.008, 242.21, -31.85);
insert into SHOT values (84, 67, 80, 20, 3.910, 201.81, 2.60, 3.916, 201.91, 2.49, 0.012, 248.54, -37.32);
insert into SHOT values (85, 67, 81, 20, 3.290, 203.21, -5.70, 3.291, 203.20, -5.75, 0.003, 178.34, -70.34);
insert into SHOT values (86, 67, 82, 20, 14.250, 109.21, -1.40, 14.246, 108.93, -1.65, 0.093, 14.50, -41.95);
insert into SHOT values (87, 82, 67, 20, 14.240, 288.61, 1.90, 14.246, 288.93, 1.65, 0.102, 13.03, -37.51);
insert into SHOT_FLAG values(87, 'dpl');
insert into SHOT values (88, 82, 83, 20, 1.490, 14.31, 9.30, 1.494, 14.13, 9.24, 0.006, 327.02, -7.27);
insert into SHOT values (89, 82, 84, 20, 6.340, 15.41, 11.00, 6.339, 15.38, 11.00, 0.003, 272.36, 4.50);
insert into SHOT values (90, 82, 85, 20, 5.290, 11.71, 28.40, 5.289, 11.65, 28.33, 0.008, 309.46, -48.03);
insert into SHOT values (91, 82, 86, 20, 3.510, 5.51, 47.90, 3.512, 5.35, 47.77, 0.011, 322.72, -24.23);
insert into SHOT values (92, 82, 87, 20, 2.690, 355.91, 65.30, 2.686, 355.91, 65.29, 0.004, 169.17, -72.61);
insert into SHOT values (93, 82, 88, 20, 2.060, 325.41, 82.20, 2.059, 325.18, 82.18, 0.002, 263.41, -36.25);
insert into SHOT values (94, 82, 89, 20, 2.910, 203.41, 70.40, 2.907, 203.66, 70.47, 0.006, 339.26, -12.54);
insert into SHOT values (95, 82, 90, 20, 3.820, 194.71, 54.30, 3.815, 194.85, 54.34, 0.008, 326.23, -16.41);
insert into SHOT values (96, 82, 91, 20, 5.470, 193.21, 42.00, 5.465, 193.25, 42.05, 0.008, 350.42, -1.09);
insert into SHOT values (97, 82, 92, 20, 5.400, 191.21, 33.30, 5.392, 191.26, 33.30, 0.009, 338.99, -31.15);
insert into SHOT values (98, 82, 93, 20, 6.260, 191.21, 27.80, 6.259, 191.25, 27.81, 0.004, 296.61, 5.70);
insert into SHOT values (99, 82, 94, 20, 6.320, 190.91, 19.90, 6.316, 190.97, 19.90, 0.008, 313.49, -8.90);
insert into SHOT values (100, 82, 95, 20, 6.150, 190.81, 10.30, 6.148, 190.86, 10.31, 0.007, 303.31, 3.22);
insert into SHOT values (101, 82, 96, 20, 5.370, 191.61, 1.90, 5.363, 191.62, 1.82, 0.011, 358.79, -47.79);
insert into SHOT values (102, 82, 97, 20, 3.830, 191.31, -5.20, 3.830, 191.34, -5.24, 0.004, 275.42, -53.09);
insert into SHOT values (103, 82, 98, 20, 2.890, 192.61, -14.20, 2.888, 192.80, -14.23, 0.010, 296.04, -6.41);
insert into SHOT values (104, 82, 99, 20, 2.290, 194.11, -29.10, 2.293, 194.18, -29.24, 0.007, 284.47, -69.31);
insert into SHOT values (105, 82, 100, 20, 1.420, 192.01, -48.30, 1.418, 192.26, -48.39, 0.005, 318.64, 2.45);
insert into SHOT values (106, 82, 101, 20, 0.820, 194.61, -67.40, 0.821, 194.93, -67.78, 0.006, 353.88, -30.87);
insert into SHOT values (107, 82, 102, 20, 15.210, 141.61, -3.20, 15.210, 141.36, -3.43, 0.089, 48.76, -43.35);
insert into SHOT values (108, 102, 82, 20, 15.220, 321.11, 3.60, 15.210, 321.36, 3.43, 0.082, 56.90, -33.75);
insert into SHOT_FLAG values(108, 'dpl');
insert into SHOT values (109, 102, 103, 20, 3.970, 250.21, 11.70, 3.974, 250.17, 11.76, 0.006, 210.80, 49.62);
insert into SHOT_FLAG values(109, 'srf');
insert into SHOT values (110, 102, 104, 20, 0.880, 68.61, 5.70, 0.885, 68.68, 5.84, 0.005, 82.73, 28.83);
insert into SHOT values (111, 102, 105, 20, 0.790, 64.21, 35.20, 0.791, 64.23, 35.54, 0.005, 234.16, 71.80);
insert into SHOT values (112, 102, 106, 20, 1.260, 48.91, 72.50, 1.269, 49.24, 72.44, 0.009, 77.80, 61.29);
insert into SHOT values (113, 102, 107, 20, 1.780, 292.01, 68.00, 1.780, 291.96, 67.94, 0.002, 274.35, -12.21);
insert into SHOT values (114, 102, 108, 20, 2.760, 272.81, 46.10, 2.760, 272.70, 46.14, 0.004, 158.16, 17.68);
insert into SHOT values (115, 102, 109, 20, 3.310, 258.71, 31.80, 3.314, 258.73, 31.87, 0.006, 303.77, 74.62);
insert into SHOT values (116, 102, 110, 20, 3.950, 252.61, 23.20, 3.949, 252.51, 23.27, 0.008, 135.93, 30.80);
insert into SHOT values (117, 102, 111, 20, 4.030, 252.01, 13.60, 4.026, 251.98, 13.65, 0.006, 90.43, 23.60);
insert into SHOT values (118, 102, 112, 20, 3.670, 251.61, 7.60, 3.669, 251.57, 7.67, 0.005, 138.43, 57.85);
insert into SHOT values (119, 102, 113, 20, 3.170, 249.51, -4.50, 3.170, 249.44, -4.34, 0.009, 176.30, 67.34);
insert into SHOT values (120, 102, 114, 20, 3.400, 248.91, -8.60, 3.402, 248.93, -8.45, 0.009, 267.34, 67.56);
insert into SHOT values (121, 102, 115, 20, 1.900, 249.91, -13.60, 1.893, 249.99, -13.44, 0.009, 44.33, 47.55);
insert into SHOT values (122, 102, 116, 20, 0.890, 253.21, -31.10, 0.890, 253.23, -31.10, 0.001, 292.49, -32.06);
insert into SHOT values (123, 102, 117, 20, 0.590, 247.61, -40.80, 0.584, 247.48, -40.57, 0.006, 87.18, 61.86);
insert into SHOT values (124, 102, 118, 20, 8.690, 183.41, -0.70, 8.696, 183.36, -0.92, 0.035, 133.15, -75.45);
insert into SHOT values (125, 118, 102, 20, 8.710, 3.31, 1.20, 8.696, 3.36, 0.92, 0.045, 150.62, -69.81);
insert into SHOT_FLAG values(125, 'dpl');
insert into SHOT values (126, 118, 119, 20, 1.190, 244.91, -4.70, 1.190, 244.52, -4.82, 0.008, 149.97, -17.06);
insert into SHOT values (127, 118, 120, 20, 1.240, 245.31, 19.40, 1.238, 245.19, 19.35, 0.004, 117.80, -32.13);
insert into SHOT values (128, 118, 121, 20, 1.530, 255.91, 54.40, 1.525, 255.65, 54.40, 0.006, 129.19, -39.21);
insert into SHOT values (129, 118, 122, 20, 1.610, 307.71, 68.00, 1.609, 307.63, 67.87, 0.004, 291.46, -42.13);
insert into SHOT values (130, 118, 123, 20, 1.830, 25.91, 68.90, 1.832, 26.18, 68.97, 0.004, 140.09, 38.62);
insert into SHOT values (131, 118, 124, 20, 2.420, 37.11, 60.60, 2.420, 37.45, 60.70, 0.008, 156.19, 11.57);
insert into SHOT values (132, 118, 125, 20, 3.470, 51.61, 46.80, 3.467, 51.68, 46.86, 0.006, 198.51, 4.96);
insert into SHOT values (133, 118, 126, 20, 3.990, 52.61, 31.60, 3.988, 52.66, 31.61, 0.004, 179.80, -10.59);
insert into SHOT values (134, 118, 127, 20, 4.190, 55.01, 24.10, 4.193, 55.11, 24.07, 0.008, 117.15, -6.90);
insert into SHOT values (135, 118, 128, 20, 4.900, 56.11, 13.20, 4.900, 56.11, 13.21, 0.001, 165.30, 76.41);
insert into SHOT values (136, 118, 129, 20, 4.680, 58.01, 4.30, 4.680, 58.05, 4.29, 0.003, 141.90, -15.52);
insert into SHOT values (137, 118, 130, 20, 3.230, 58.41, 1.40, 3.229, 58.43, 1.42, 0.002, 195.98, 32.62);
insert into SHOT values (138, 118, 131, 20, 2.880, 58.61, -6.90, 2.880, 58.59, -6.98, 0.004, 317.51, -77.36);
insert into SHOT values (139, 118, 132, 20, 2.700, 58.31, -12.60, 2.696, 58.36, -12.64, 0.005, 205.22, -11.96);
insert into SHOT values (140, 118, 133, 20, 2.270, 58.91, -20.80, 2.271, 59.08, -20.90, 0.008, 154.41, -30.91);
insert into SHOT values (141, 118, 134, 20, 2.320, 59.01, -22.60, 2.321, 59.13, -22.55, 0.005, 126.40, 17.73);
insert into SHOT values (142, 118, 135, 20, 1.600, 60.61, -31.40, 1.598, 60.62, -31.29, 0.004, 156.70, 85.34);
insert into SHOT values (143, 118, 136, 20, 1.390, 63.91, -46.90, 1.390, 64.25, -47.22, 0.010, 200.92, -31.53);
insert into SHOT values (144, 118, 137, 20, 2.850, 55.41, -9.10, 2.848, 55.58, -9.09, 0.008, 156.24, 5.10);
insert into SHOT values (145, 118, 138, 20, 11.860, 104.31, -2.30, 11.863, 103.97, -2.61, 0.095, 14.02, -42.22);
insert into SHOT values (146, 138, 118, 20, 11.860, 283.61, 2.90, 11.863, 283.97, 2.61, 0.096, 9.56, -38.90);
insert into SHOT_FLAG values(146, 'dpl');
insert into SHOT values (147, 138, 139, 20, 0.680, 30.91, 23.40, 0.675, 31.12, 23.56, 0.005, 185.79, -0.63);
insert into SHOT values (148, 138, 140, 20, 1.320, 26.01, 55.30, 1.321, 26.22, 55.58, 0.007, 174.64, 41.56);
insert into SHOT values (149, 138, 141, 20, 1.960, 7.21, 67.40, 1.961, 6.84, 67.35, 0.005, 301.29, 5.52);
insert into SHOT values (150, 138, 142, 20, 2.870, 321.81, 77.80, 2.876, 321.63, 77.71, 0.008, 303.70, 38.75);
insert into SHOT values (151, 138, 143, 20, 3.230, 258.51, 71.50, 3.226, 258.14, 71.53, 0.008, 143.14, -23.08);
insert into SHOT values (152, 138, 144, 20, 3.390, 232.51, 59.10, 3.391, 232.47, 59.12, 0.002, 106.30, 40.93);
insert into SHOT values (153, 138, 145, 20, 3.880, 228.21, 41.70, 3.879, 228.22, 41.69, 0.001, 347.01, -58.71);
insert into SHOT values (154, 138, 146, 20, 3.740, 223.71, 28.20, 3.741, 223.77, 28.24, 0.005, 316.85, 36.00);
insert into SHOT values (155, 138, 147, 20, 3.280, 221.51, 15.40, 3.284, 221.54, 15.36, 0.005, 246.53, -12.19);
insert into SHOT values (156, 138, 148, 20, 3.210, 222.31, 12.70, 3.215, 222.29, 12.76, 0.006, 208.00, 42.54);
insert into SHOT values (157, 138, 149, 20, 3.090, 222.21, 6.90, 3.088, 222.22, 6.88, 0.003, 21.02, -26.88);
insert into SHOT values (158, 138, 150, 20, 3.170, 223.01, -2.70, 3.173, 222.95, -2.71, 0.005, 182.29, -8.59);
insert into SHOT values (159, 138, 151, 20, 3.280, 222.21, -9.00, 3.282, 222.25, -8.94, 0.005, 264.49, 40.77);
insert into SHOT values (160, 138, 152, 20, 2.860, 221.81, -19.60, 2.864, 221.85, -19.59, 0.004, 246.59, -8.10);
insert into SHOT values (161, 138, 153, 20, 1.870, 223.21, -27.60, 1.866, 223.04, -27.45, 0.008, 114.55, 51.64);
insert into SHOT values (162, 138, 154, 20, 1.500, 228.81, -37.90, 1.499, 228.77, -37.86, 0.002, 124.77, 60.10);
insert into SHOT values (163, 138, 155, 20, 1.150, 232.81, -49.40, 1.149, 233.13, -49.24, 0.006, 302.11, 34.98);
insert into SHOT values (164, 138, 156, 20, 0.880, 238.91, -63.40, 0.883, 239.53, -63.47, 0.005, 323.48, -35.93);
insert into SHOT values (165, 138, 157, 20, 6.240, 173.81, -1.70, 6.241, 172.91, -1.93, 0.101, 83.62, -14.28);
insert into SHOT values (166, 157, 138, 20, 6.250, 352.01, 2.10, 6.241, 352.91, 1.93, 0.100, 87.17, -10.92);
insert into SHOT_FLAG values(166, 'dpl');
insert into SHOT values (167, 157, 158, 20, 4.560, 123.91, 10.40, 4.564, 124.01, 10.48, 0.011, 196.47, 39.31);
insert into SHOT_FLAG values(167, 'srf');
insert into SHOT values (168, 157, 159, 20, 0.880, 262.81, -14.90, 0.875, 262.54, -14.56, 0.008, 133.43, 50.80);
insert into SHOT values (169, 157, 160, 20, 1.670, 256.31, 17.00, 1.669, 256.22, 17.07, 0.003, 140.02, 34.29);
insert into SHOT values (170, 157, 161, 20, 2.810, 257.31, 31.00, 2.812, 257.29, 31.04, 0.003, 196.32, 73.88);
insert into SHOT values (171, 157, 162, 20, 4.160, 256.21, 34.60, 4.161, 256.13, 34.72, 0.010, 123.29, 49.72);
insert into SHOT values (172, 157, 163, 20, 4.640, 254.61, 44.60, 4.638, 254.53, 44.65, 0.006, 119.98, 18.22);
insert into SHOT values (173, 157, 164, 20, 4.140, 256.11, 55.80, 4.146, 256.08, 55.83, 0.006, 219.71, 74.41);
insert into SHOT values (174, 157, 165, 20, 3.550, 275.11, 73.70, 3.552, 274.62, 73.76, 0.009, 164.50, 16.61);
insert into SHOT values (175, 157, 166, 20, 4.310, 0.31, 81.70, 4.315, 0.00, 81.74, 0.007, 236.99, 52.29);
insert into SHOT values (176, 157, 167, 20, 3.250, 52.71, 67.70, 3.251, 52.94, 67.81, 0.008, 188.65, 22.84);
insert into SHOT values (177, 157, 168, 20, 3.290, 62.51, 51.60, 3.289, 62.56, 51.67, 0.005, 219.43, 20.56);
insert into SHOT values (178, 157, 169, 20, 3.630, 68.01, 34.80, 3.630, 68.09, 34.96, 0.011, 211.61, 48.44);
insert into SHOT values (179, 157, 170, 20, 3.680, 69.31, 23.90, 3.683, 69.46, 24.03, 0.013, 163.68, 44.52);
insert into SHOT values (180, 157, 171, 20, 3.260, 69.31, 11.20, 3.260, 69.30, 11.32, 0.007, 269.60, 76.68);
insert into SHOT values (181, 157, 172, 20, 3.290, 68.11, 5.00, 3.288, 68.13, 5.06, 0.004, 208.19, 54.03);
insert into SHOT values (182, 157, 173, 20, 2.540, 71.91, -0.90, 2.533, 72.07, -0.90, 0.010, 205.23, -0.61);
insert into SHOT values (183, 157, 174, 20, 2.090, 72.81, -10.10, 2.091, 73.06, -9.92, 0.011, 152.17, 35.07);
insert into SHOT values (184, 157, 175, 20, 1.060, 73.91, -17.10, 1.056, 73.90, -17.07, 0.004, 256.30, 25.43);
insert into SHOT values (185, 157, 176, 20, 0.680, 75.81, -35.40, 0.679, 76.46, -35.08, 0.008, 155.97, 31.18);
insert into SHOT values (186, 157, 177, 20, 17.010, 164.51, -4.60, 17.023, 164.65, -4.72, 0.057, 241.87, -38.96);
insert into SHOT values (187, 157, 178, 20, 17.010, 165.61, -4.40, 17.013, 165.60, -4.38, 0.007, 119.59, 45.34);
insert into SHOT values (188, 157, 179, 20, 17.060, 344.01, 5.10, 17.055, 344.01, 5.11, 0.006, 160.08, 34.25);
insert into SHOT values (189, 177, 157, 20, 17.020, 344.81, 4.90, 17.023, 344.65, 4.72, 0.071, 263.65, -49.37);
insert into SHOT_FLAG values(189, 'dpl');
insert into SHOT values (190, 177, 180, 20, 1.520, 197.81, 83.30, 1.511, 199.44, 83.15, 0.011, 258.66, -58.56);
insert into SHOT values (191, 177, 181, 20, 2.190, 46.31, 71.90, 2.188, 46.19, 71.92, 0.003, 269.92, -39.86);
insert into SHOT values (192, 177, 182, 20, 3.130, 27.11, 57.90, 3.127, 26.87, 57.95, 0.008, 265.81, -10.69);
insert into SHOT values (193, 177, 183, 20, 3.030, 34.11, 40.00, 3.030, 33.96, 39.82, 0.011, 349.25, -42.71);
insert into SHOT values (194, 177, 184, 20, 3.860, 34.01, 28.10, 3.859, 33.88, 27.97, 0.012, 329.07, -43.39);
insert into SHOT values (195, 177, 185, 20, 3.550, 40.31, 16.70, 3.555, 40.24, 16.67, 0.007, 3.43, -1.06);
insert into SHOT values (196, 177, 186, 20, 3.850, 37.61, 5.10, 3.851, 37.59, 5.06, 0.003, 356.22, -47.50);
insert into SHOT values (197, 177, 187, 20, 3.640, 36.01, -4.30, 3.641, 35.92, -4.41, 0.009, 313.89, -52.74);
insert into SHOT values (198, 177, 188, 20, 3.140, 33.61, -14.70, 3.141, 33.59, -14.76, 0.003, 292.18, -69.88);
insert into SHOT values (199, 177, 189, 20, 2.100, 30.41, -33.20, 2.104, 30.35, -33.14, 0.005, 7.69, -1.48);
insert into SHOT values (200, 177, 190, 20, 1.970, 26.81, -46.30, 1.976, 26.57, -46.35, 0.009, 323.92, -41.63);
insert into SHOT values (201, 177, 191, 20, 1.800, 4.51, -59.80, 1.807, 4.40, -59.67, 0.009, 351.11, -30.01);
insert into SHOT values (202, 177, 192, 20, 14.790, 123.81, -1.00, 14.822, 123.55, -1.08, 0.076, 58.83, -16.64);
insert into SHOT values (203, 192, 177, 20, 14.860, 303.31, 1.10, 14.822, 303.55, 1.08, 0.074, 64.76, -4.09);
insert into SHOT_FLAG values(203, 'dpl');
insert into SHOT values (204, 192, 193, 20, 0.440, 315.51, 75.90, 0.445, 315.00, 75.26, 0.007, 305.94, 28.39);
insert into SHOT values (205, 192, 194, 20, 2.130, 264.61, 43.80, 2.133, 264.77, 43.93, 0.007, 6.92, 51.75);
insert into SHOT values (206, 192, 195, 20, 2.790, 265.71, 30.80, 2.791, 265.69, 30.82, 0.002, 200.29, 65.10);
insert into SHOT values (207, 192, 196, 20, 3.150, 267.71, 23.10, 3.156, 267.63, 23.13, 0.008, 230.12, 33.04);
insert into SHOT values (208, 192, 197, 20, 3.410, 265.11, 11.90, 3.407, 265.18, 12.03, 0.009, 44.73, 46.59);
insert into SHOT values (209, 192, 198, 20, 3.510, 261.61, -2.50, 3.510, 261.64, -2.45, 0.004, 333.97, 56.68);
insert into SHOT values (210, 192, 199, 20, 4.100, 258.41, -9.50, 4.097, 258.44, -9.41, 0.007, 26.00, 66.46);
insert into SHOT values (211, 192, 200, 20, 2.890, 258.01, -23.30, 2.892, 258.06, -23.22, 0.005, 293.02, 38.44);
insert into SHOT values (212, 192, 201, 20, 1.630, 255.91, -46.60, 1.629, 256.09, -46.42, 0.006, 305.74, 43.01);
insert into SHOT values (213, 192, 202, 20, 0.730, 251.81, -63.10, 0.727, 252.12, -63.38, 0.005, 50.38, 11.69);
insert into SHOT values (214, 192, 203, 20, 0.580, 144.41, -84.10, 0.573, 149.04, -84.16, 0.009, 252.09, 54.51);
insert into SHOT values (215, 192, 204, 20, 10.960, 200.21, 10.20, 10.960, 200.15, 9.77, 0.083, 160.97, -77.36);
insert into SHOT values (216, 204, 205, 20, 2.790, 322.81, 6.00, 2.797, 322.59, 5.95, 0.013, 268.41, -7.34);
insert into SHOT_FLAG values(216, 'srf');
insert into SHOT values (217, 204, 192, 20, 10.960, 20.11, -9.30, 10.960, 20.15, -9.77, 0.090, 174.06, -79.28);
insert into SHOT_FLAG values(217, 'dpl');
insert into SHOT values (218, 204, 205, 20, 2.800, 322.51, 5.80, 2.797, 322.59, 5.95, 0.009, 92.36, 51.83);
insert into SHOT_FLAG values(218, 'srf');
insert into SHOT values (219, 204, 206, 20, 0.680, 200.01, 49.40, 0.685, 199.65, 49.38, 0.006, 161.43, 39.97);
insert into SHOT values (220, 204, 207, 20, 1.160, 201.11, 54.00, 1.164, 201.34, 53.83, 0.006, 228.76, 14.54);
insert into SHOT values (221, 204, 208, 20, 1.050, 234.01, 82.50, 1.049, 233.97, 82.55, 0.001, 58.52, -44.33);
insert into SHOT values (222, 204, 209, 20, 1.280, 355.61, 64.10, 1.280, 354.90, 63.95, 0.008, 289.47, -10.67);
insert into SHOT values (223, 204, 210, 20, 2.000, 7.31, 39.10, 1.999, 7.03, 39.08, 0.008, 273.96, -10.32);
insert into SHOT values (224, 204, 211, 20, 3.160, 10.81, 25.40, 3.158, 10.72, 25.51, 0.008, 233.23, 34.94);
insert into SHOT values (225, 204, 212, 20, 5.840, 12.11, 9.10, 5.841, 12.11, 9.06, 0.004, 16.90, -63.13);
insert into SHOT values (226, 204, 213, 20, 4.990, 28.81, -1.00, 4.986, 28.78, -1.03, 0.005, 246.36, -32.89);
insert into SHOT values (227, 204, 214, 20, 4.560, 30.21, -9.80, 4.557, 30.22, -9.85, 0.005, 193.30, -48.55);
insert into SHOT values (228, 204, 215, 20, 4.240, 24.71, -20.30, 4.237, 24.69, -20.30, 0.004, 219.57, 16.55);
insert into SHOT values (229, 204, 216, 20, 3.350, 31.41, -24.10, 3.349, 31.35, -24.15, 0.004, 270.70, -30.39);
insert into SHOT values (230, 204, 217, 20, 1.610, 35.91, -30.50, 1.607, 35.87, -30.68, 0.006, 224.69, -29.43);
insert into SHOT values (231, 204, 218, 20, 0.650, 42.31, -39.00, 0.649, 42.58, -39.21, 0.004, 180.24, -14.74);
insert into SHOT values (232, 204, 219, 20, 13.760, 60.21, -4.70, 13.729, 59.37, -4.89, 0.208, 319.97, -11.78);
insert into SHOT values (233, 204, 219, 20, 13.760, 60.11, -4.80, 13.729, 59.37, -4.89, 0.181, 319.24, -5.90);
insert into SHOT values (234, 204, 219, 20, 13.750, 59.51, -4.70, 13.729, 59.37, -4.89, 0.060, 292.96, -46.09);
insert into SHOT values (235, 219, 204, 20, 13.710, 238.81, 5.00, 13.729, 239.37, 4.89, 0.137, 320.09, -10.44);
insert into SHOT_FLAG values(235, 'dpl');
insert into SHOT values (236, 219, 220, 20, 2.040, 186.11, 68.70, 2.050, 186.17, 68.71, 0.010, 200.14, 70.13);
insert into SHOT values (237, 219, 221, 20, 3.140, 183.01, 54.50, 3.142, 182.83, 54.56, 0.007, 80.99, 32.71);
insert into SHOT values (238, 219, 222, 20, 3.440, 184.51, 40.40, 3.439, 184.38, 40.43, 0.006, 74.82, 4.40);
insert into SHOT values (239, 219, 223, 20, 3.490, 190.31, 19.50, 3.495, 190.32, 19.56, 0.006, 202.76, 54.73);
insert into SHOT values (240, 219, 224, 20, 3.460, 191.61, 11.20, 3.456, 191.58, 11.35, 0.010, 31.62, 55.25);
insert into SHOT values (241, 219, 225, 20, 3.010, 191.51, 2.60, 3.014, 191.50, 2.66, 0.005, 182.51, 44.32);
insert into SHOT values (242, 219, 226, 20, 3.240, 191.01, -9.20, 3.239, 190.99, -9.06, 0.008, 128.14, 84.04);
insert into SHOT values (243, 219, 227, 20, 1.090, 347.51, -53.30, 1.089, 347.66, -53.02, 0.006, 12.81, 43.73);
insert into SHOT values (244, 219, 228, 20, 0.890, 231.61, 84.70, 0.893, 230.19, 84.98, 0.006, 76.60, 39.86);
insert into SHOT values (245, 219, 229, 20, 10.360, 145.91, 10.20, 10.369, 145.86, 10.05, 0.029, 112.87, -57.17);
insert into SHOT values (246, 229, 219, 20, 10.370, 325.81, -9.90, 10.369, 325.86, -10.05, 0.029, 89.07, -67.97);
insert into SHOT_FLAG values(246, 'dpl');
insert into SHOT values (247, 229, 230, 20, 1.350, 80.71, 39.60, 1.353, 80.63, 39.48, 0.004, 59.62, -7.42);
insert into SHOT values (248, 229, 231, 20, 1.610, 75.81, 71.00, 1.618, 75.70, 71.02, 0.008, 51.08, 73.00);
insert into SHOT values (249, 229, 232, 20, 1.520, 281.91, 70.70, 1.525, 282.65, 70.77, 0.008, 13.92, 39.67);
insert into SHOT values (250, 229, 233, 20, 1.720, 275.01, 58.20, 1.725, 275.08, 58.42, 0.009, 72.91, 69.63);
insert into SHOT values (251, 229, 234, 20, 2.310, 271.71, 40.80, 2.312, 271.96, 40.77, 0.008, 345.01, 4.18);
insert into SHOT values (252, 229, 235, 20, 2.920, 272.21, 29.10, 2.920, 272.25, 29.09, 0.002, 344.65, -3.15);
insert into SHOT values (253, 229, 236, 20, 3.400, 271.11, 12.30, 3.400, 271.21, 12.40, 0.008, 12.93, 43.67);
insert into SHOT values (254, 229, 237, 20, 3.110, 270.11, -0.90, 3.110, 270.18, -0.92, 0.004, 354.69, -15.30);
insert into SHOT values (255, 229, 238, 20, 2.990, 271.21, -18.40, 2.992, 271.21, -18.31, 0.005, 273.80, 47.30);
insert into SHOT values (256, 229, 239, 20, 2.910, 277.61, -23.80, 2.910, 277.77, -23.71, 0.009, 353.19, 29.63);
insert into SHOT values (257, 229, 240, 20, 1.820, 275.51, -41.60, 1.811, 275.50, -41.50, 0.010, 97.42, 60.35);
insert into SHOT values (258, 229, 241, 20, 1.130, 279.41, -54.40, 1.132, 279.61, -54.38, 0.003, 337.14, -23.93);
insert into SHOT values (259, 229, 242, 20, 17.770, 199.21, 1.00, 17.770, 198.71, 0.64, 0.189, 109.61, -35.55);
insert into SHOT values (260, 242, 229, 20, 17.770, 18.21, -0.30, 17.770, 18.71, -0.64, 0.189, 108.72, -34.43);
insert into SHOT_FLAG values(260, 'dpl');
insert into SHOT values (261, 242, 243, 20, 17.800, 19.71, -0.40, 17.802, 19.70, -0.39, 0.006, 323.21, 48.94);
insert into SHOT values (262, 242, 244, 20, 17.780, 18.21, -0.30, 17.782, 18.22, -0.29, 0.006, 84.90, 33.44);
insert into SHOT values (263, 242, 245, 20, 2.370, 335.51, 84.50, 2.371, 336.80, 84.47, 0.005, 51.78, 9.73);
insert into SHOT values (264, 242, 246, 20, 0.950, 322.31, 85.50, 0.953, 326.31, 85.66, 0.006, 79.63, 27.33);
insert into SHOT values (265, 242, 247, 20, 2.980, 63.71, 77.10, 2.986, 63.43, 77.02, 0.008, 33.75, 39.24);
insert into SHOT values (266, 242, 248, 20, 3.700, 68.31, 61.40, 3.704, 68.20, 61.33, 0.007, 38.78, 12.09);
insert into SHOT values (267, 242, 249, 20, 4.090, 69.11, 39.80, 4.094, 69.15, 39.79, 0.005, 97.98, 24.05);
insert into SHOT values (268, 242, 250, 20, 4.140, 68.71, 24.50, 4.142, 68.68, 24.54, 0.004, 357.87, 57.99);
insert into SHOT values (269, 242, 251, 20, 4.170, 69.41, 9.70, 4.175, 69.36, 9.79, 0.009, 27.85, 56.85);
insert into SHOT values (270, 242, 252, 20, 4.220, 69.21, -3.40, 4.223, 69.16, -3.39, 0.005, 21.42, 3.18);
insert into SHOT values (271, 242, 253, 20, 4.110, 70.21, -12.70, 4.108, 70.16, -12.66, 0.005, 311.91, 45.82);
insert into SHOT values (272, 242, 254, 20, 3.240, 70.41, -21.20, 3.245, 70.31, -21.13, 0.008, 30.65, 11.48);
insert into SHOT values (273, 242, 255, 20, 2.860, 64.61, -32.70, 2.861, 64.71, -32.57, 0.008, 109.55, 39.59);
insert into SHOT values (274, 242, 256, 20, 2.240, 63.11, -37.50, 2.244, 63.00, -37.31, 0.009, 39.45, 24.41);
insert into SHOT values (275, 242, 257, 20, 1.900, 54.31, -54.50, 1.898, 54.16, -54.21, 0.010, 32.01, 42.69);
insert into SHOT values (276, 242, 258, 20, 1.310, 13.61, -71.40, 1.310, 13.71, -71.20, 0.005, 23.58, 20.37);
insert into SHOT values (277, 242, 259, 20, 1.190, 272.21, -79.60, 1.189, 272.73, -79.81, 0.005, 69.66, 5.18);
insert into SHOT values (278, 242, 260, 20, 4.950, 112.51, -5.80, 4.948, 112.45, -5.80, 0.005, 4.90, 2.53);
insert into SHOT_FLAG values(278, 'srf');
insert into SHOT values (279, 242, 261, 20, 17.840, 131.31, 1.50, 17.826, 131.29, 1.38, 0.039, 331.66, -69.69);
insert into SHOT values (280, 261, 242, 20, 17.810, 311.31, -1.20, 17.826, 311.29, -1.38, 0.059, 293.63, -74.61);
insert into SHOT_FLAG values(280, 'dpl');
insert into SHOT values (281, 261, 262, 20, 1.340, 208.01, -42.60, 1.344, 208.38, -42.62, 0.007, 277.15, -23.48);
insert into SHOT values (282, 261, 263, 20, 0.980, 209.01, -9.00, 0.984, 208.94, -9.35, 0.008, 190.27, -62.13);
insert into SHOT values (283, 261, 264, 20, 1.410, 214.71, 26.10, 1.409, 214.70, 26.11, 0.001, 46.11, -13.25);
insert into SHOT values (284, 261, 265, 20, 2.230, 214.01, 44.70, 2.223, 214.19, 44.57, 0.010, 318.94, -58.35);
insert into SHOT values (285, 261, 266, 20, 2.270, 219.21, 57.40, 2.271, 219.39, 57.24, 0.008, 251.34, -17.99);
insert into SHOT values (286, 261, 267, 20, 2.520, 223.01, 74.70, 2.521, 223.19, 74.54, 0.007, 239.88, -5.26);
insert into SHOT values (287, 261, 268, 20, 2.870, 336.31, 86.60, 2.865, 336.37, 86.51, 0.007, 338.81, -48.12);
insert into SHOT values (288, 261, 269, 20, 3.340, 24.61, 80.90, 3.332, 24.62, 80.88, 0.008, 171.51, -88.00);
insert into SHOT values (289, 261, 270, 20, 2.510, 34.31, 71.10, 2.505, 34.47, 71.07, 0.005, 132.20, -63.17);
insert into SHOT values (290, 261, 271, 20, 2.580, 34.71, 56.80, 2.571, 34.59, 56.76, 0.010, 252.79, -62.66);
insert into SHOT values (291, 261, 272, 20, 2.470, 30.91, 51.10, 2.466, 30.71, 51.14, 0.007, 263.03, -18.51);
insert into SHOT values (292, 261, 273, 20, 2.340, 30.91, 43.60, 2.335, 30.96, 43.59, 0.005, 185.91, -43.15);
insert into SHOT values (293, 261, 274, 20, 2.260, 31.31, 31.90, 2.255, 31.12, 31.85, 0.008, 275.67, -31.29);
insert into SHOT values (294, 261, 275, 20, 2.060, 29.41, 20.10, 2.061, 29.34, 19.85, 0.009, 1.47, -59.23);
insert into SHOT values (295, 261, 276, 20, 2.310, 30.41, 9.40, 2.311, 30.27, 9.21, 0.009, 322.18, -52.03);
insert into SHOT values (296, 261, 277, 20, 2.050, 30.91, -5.20, 2.050, 30.96, -5.32, 0.005, 140.82, -62.95);
insert into SHOT values (297, 261, 278, 20, 1.890, 28.01, -23.00, 1.891, 27.74, -23.04, 0.008, 299.84, -10.72);
insert into SHOT values (298, 261, 279, 20, 1.480, 27.11, -38.50, 1.485, 27.23, -38.76, 0.009, 114.82, -74.17);
insert into SHOT values (299, 261, 280, 20, 1.530, 22.21, -53.70, 1.536, 22.04, -53.84, 0.007, 300.97, -68.47);
insert into SHOT values (300, 261, 281, 20, 1.080, 26.71, -64.80, 1.081, 26.00, -65.04, 0.007, 263.29, -22.55);
insert into SHOT values (301, 261, 282, 20, 2.100, 58.41, -20.40, 2.097, 58.34, -20.66, 0.010, 260.08, -50.15);
insert into SHOT_FLAG values(301, 'srf');
insert into SHOT values (302, 261, 282, 20, 2.100, 58.41, -21.20, 2.097, 58.34, -20.66, 0.020, 28.05, 75.89);
insert into SHOT_FLAG values(302, 'srf');
insert into SHOT values (303, 261, 282, 20, 2.110, 58.31, -20.20, 2.097, 58.34, -20.66, 0.021, 235.28, -32.17);
insert into SHOT_FLAG values(303, 'srf');
insert into SHOT values (304, 261, 283, 20, 14.440, 107.71, -3.60, 14.440, 107.69, -3.61, 0.005, 20.99, -43.29);
insert into SHOT values (305, 283, 284, 20, 0.630, 205.01, -29.20, 0.635, 205.64, -29.20, 0.008, 257.90, -18.99);
insert into SHOT values (306, 283, 285, 20, 1.140, 37.41, -80.40, 1.145, 36.25, -80.65, 0.008, 259.51, -46.89);
insert into SHOT values (307, 283, 286, 20, 1.870, 22.51, -28.70, 1.864, 22.32, -28.87, 0.010, 235.97, -11.76);
insert into SHOT values (308, 283, 287, 20, 1.590, 27.31, 7.30, 1.587, 27.22, 7.24, 0.004, 248.86, -28.34);
insert into SHOT values (309, 283, 288, 20, 1.960, 31.41, 37.90, 1.955, 31.22, 37.86, 0.007, 269.94, -33.86);
insert into SHOT values (310, 283, 289, 20, 1.330, 205.91, 20.90, 1.333, 206.15, 20.64, 0.009, 251.61, -30.67);
insert into SHOT values (311, 283, 290, 20, 1.780, 212.51, -48.80, 1.781, 212.47, -48.79, 0.001, 175.87, -29.65);
insert into SHOT values (312, 283, 291, 20, 20.600, 134.11, 2.00, 20.611, 134.15, 1.81, 0.072, 187.06, -72.86);
insert into SHOT values (313, 291, 283, 20, 20.620, 314.21, -1.60, 20.611, 314.15, -1.81, 0.078, 192.55, -73.28);
insert into SHOT_FLAG values(313, 'dpl');
insert into SHOT values (314, 291, 292, 20, 2.380, 199.71, -34.70, 2.389, 199.63, -34.70, 0.009, 181.28, -32.90);
insert into SHOT values (315, 291, 293, 20, 3.830, 197.01, -19.60, 3.833, 197.08, -19.67, 0.007, 273.59, -48.12);
insert into SHOT values (316, 291, 294, 20, 5.710, 207.81, -11.60, 5.713, 207.80, -11.61, 0.003, 195.71, -35.07);
insert into SHOT values (317, 291, 295, 20, 6.650, 205.41, 7.90, 6.651, 205.44, 7.86, 0.006, 267.34, -45.63);
insert into SHOT values (318, 291, 296, 20, 10.020, 206.71, 33.10, 10.023, 206.75, 33.08, 0.008, 258.27, -14.20);
insert into SHOT values (319, 291, 297, 20, 7.110, 214.41, 58.00, 7.111, 214.41, 57.99, 0.002, 213.66, 12.14);
insert into SHOT values (320, 291, 298, 20, 6.530, 253.51, 70.60, 6.522, 253.40, 70.56, 0.010, 183.14, -65.40);
insert into SHOT values (321, 291, 299, 20, 6.780, 332.81, 68.00, 6.774, 332.83, 67.98, 0.006, 37.15, -79.99);
insert into SHOT values (322, 291, 300, 20, 9.020, 359.41, 54.10, 9.010, 359.35, 54.12, 0.012, 210.93, -32.67);
insert into SHOT values (323, 291, 301, 20, 12.230, 18.31, 39.60, 12.222, 18.32, 39.60, 0.009, 179.80, -41.54);
insert into SHOT values (324, 291, 302, 20, 14.580, 25.91, 23.50, 14.572, 25.91, 23.50, 0.008, 194.77, -27.37);
insert into SHOT values (325, 291, 303, 20, 10.810, 33.21, 17.50, 10.802, 33.20, 17.51, 0.009, 225.92, -4.13);
insert into SHOT values (326, 291, 304, 20, 8.530, 40.21, 11.10, 8.525, 40.20, 11.09, 0.005, 233.47, -26.61);
insert into SHOT values (327, 291, 305, 20, 9.260, 35.91, 15.40, 9.254, 35.88, 15.35, 0.011, 259.97, -57.17);
insert into SHOT values (328, 291, 306, 20, 6.160, 39.91, 5.60, 6.156, 39.90, 5.59, 0.004, 228.57, -15.25);
insert into SHOT values (329, 291, 307, 20, 4.470, 36.71, -10.30, 4.460, 36.66, -10.33, 0.011, 236.27, -4.09);
insert into SHOT values (330, 291, 308, 20, 14.040, 331.41, 27.90, 14.037, 331.39, 27.91, 0.005, 199.55, 2.98);
insert into SHOT values (331, 291, 309, 20, 12.370, 290.61, 27.80, 12.372, 290.59, 27.75, 0.012, 261.22, -49.15);
insert into SHOT values (332, 291, 310, 20, 15.430, 259.01, 22.70, 15.435, 258.99, 22.67, 0.010, 228.91, -27.95);
insert into SHOT values (333, 291, 311, 20, 6.020, 251.31, 49.50, 6.020, 251.24, 49.39, 0.012, 223.27, -38.62);
insert into SHOT values (334, 291, 312, 20, 7.160, 205.31, 58.20, 7.157, 205.41, 58.16, 0.009, 277.22, -35.96);
insert into SHOT values (335, 291, 313, 20, 1.780, 154.81, -45.40, 1.781, 154.87, -45.50, 0.003, 295.22, -49.38);
insert into SHOT values (336, 291, 314, 20, 2.920, 138.01, -6.90, 2.926, 138.07, -7.07, 0.011, 174.21, -59.03);
insert into SHOT_FLAG values(336, 'srf');
insert into SHOT values (337, 291, 315, 20, 2.920, 139.71, -7.00, 2.917, 139.76, -7.09, 0.006, 278.31, -43.79);
insert into SHOT values (338, 291, 316, 20, 14.190, 246.41, -4.20, 14.220, 246.91, -4.52, 0.150, 325.69, -32.65);
insert into SHOT values (339, 316, 291, 20, 14.230, 67.41, 4.80, 14.220, 66.91, 4.52, 0.142, 335.20, -29.77);
insert into SHOT_FLAG values(339, 'dpl');
insert into SHOT values (340, 316, 317, 20, 4.300, 351.11, -3.20, 4.298, 351.15, -3.20, 0.004, 114.54, 0.46);
insert into SHOT values (341, 316, 318, 20, 8.250, 351.71, 22.30, 8.247, 351.71, 22.31, 0.003, 163.60, -8.84);
insert into SHOT values (342, 316, 319, 20, 11.420, 358.21, 40.10, 11.422, 358.23, 40.12, 0.005, 108.82, 49.65);
insert into SHOT values (343, 316, 320, 20, 9.070, 25.81, 57.60, 9.075, 25.83, 57.57, 0.007, 41.81, 16.95);
insert into SHOT values (344, 316, 321, 20, 8.160, 96.81, 67.00, 8.160, 96.84, 66.97, 0.005, 116.99, -15.97);
insert into SHOT values (345, 316, 322, 20, 7.770, 130.81, 49.20, 7.773, 130.77, 49.15, 0.008, 106.18, -14.08);
insert into SHOT values (346, 316, 323, 20, 2.580, 146.41, 33.00, 2.582, 146.31, 33.10, 0.006, 49.53, 52.59);
insert into SHOT values (347, 316, 324, 20, 1.340, 164.11, -9.10, 1.339, 163.76, -9.02, 0.008, 71.56, 13.43);
insert into SHOT values (348, 316, 325, 20, 1.140, 165.91, -36.90, 1.136, 165.35, -36.78, 0.010, 62.35, 26.32);
insert into SHOT values (349, 316, 326, 20, 4.610, 237.71, -5.80, 4.604, 237.66, -5.86, 0.008, 87.77, -30.48);
insert into SHOT_FLAG values(349, 'srf');
insert into SHOT values (350, 316, 327, 20, 20.250, 271.31, 0.80, 20.240, 271.70, 0.65, 0.148, 5.28, -20.82);
insert into SHOT values (351, 327, 316, 20, 20.240, 92.11, -0.50, 20.240, 91.70, -0.65, 0.154, 1.77, -20.31);
insert into SHOT_FLAG values(351, 'dpl');
insert into SHOT values (352, 327, 328, 20, 7.410, 277.11, -6.10, 7.410, 277.10, -6.20, 0.013, 138.29, -80.29);
insert into SHOT values (353, 327, 329, 20, 0.960, 197.11, 14.80, 0.954, 197.06, 15.19, 0.009, 23.11, 31.78);
insert into SHOT values (354, 327, 330, 20, 2.080, 195.61, 55.60, 2.083, 195.81, 55.67, 0.006, 295.14, 41.56);
insert into SHOT values (355, 327, 331, 20, 5.750, 197.31, 69.60, 5.750, 197.44, 69.62, 0.005, 313.47, 6.96);
insert into SHOT values (356, 327, 332, 20, 6.870, 63.81, 88.20, 6.873, 62.24, 88.21, 0.007, 322.59, 29.55);
insert into SHOT values (357, 327, 333, 20, 8.600, 24.41, 63.20, 8.603, 24.38, 63.22, 0.005, 245.80, 56.52);
insert into SHOT values (358, 327, 334, 20, 13.270, 5.41, 49.70, 13.273, 5.41, 49.68, 0.005, 12.97, -6.40);
insert into SHOT values (359, 327, 335, 20, 12.000, 6.31, 30.00, 12.000, 6.30, 30.00, 0.002, 289.62, -0.00);
insert into SHOT values (360, 327, 336, 20, 10.160, 7.21, 12.30, 10.160, 7.18, 12.27, 0.007, 287.03, -37.97);
insert into SHOT values (361, 327, 337, 20, 6.070, 7.91, 2.10, 6.071, 7.86, 2.08, 0.005, 291.36, -26.81);
insert into SHOT values (362, 327, 338, 20, 4.400, 9.11, -15.10, 4.406, 9.06, -15.13, 0.007, 336.42, -32.34);
insert into SHOT values (363, 327, 339, 20, 3.480, 8.71, -20.00, 3.486, 8.60, -19.96, 0.009, 326.28, 1.45);
insert into SHOT values (364, 328, 327, 20, 7.400, 97.11, 6.30, 7.410, 97.10, 6.20, 0.016, 89.84, -47.05);
insert into SHOT_FLAG values(364, 'dpl');
insert into SHOT values (365, 328, 340, 20, 2.940, 332.81, 10.40, 2.946, 332.90, 10.36, 0.008, 10.54, -5.16);
insert into SHOT_FLAG values(365, 'srf');
insert into SHOT values (366, 328, 341, 20, 2.350, 135.11, -6.70, 2.349, 135.00, -6.60, 0.006, 38.53, 43.57);
insert into SHOT values (367, 328, 342, 20, 4.630, 134.21, 5.00, 4.628, 134.12, 4.96, 0.008, 31.89, -26.55);
insert into SHOT values (368, 328, 343, 20, 6.180, 134.31, 43.80, 6.183, 134.18, 43.81, 0.010, 54.89, 14.55);
insert into SHOT values (369, 328, 344, 20, 7.180, 166.31, 75.80, 7.179, 166.20, 75.80, 0.003, 67.86, -10.56);
insert into SHOT values (370, 328, 345, 20, 9.530, 296.41, 63.60, 9.532, 296.50, 63.62, 0.008, 43.86, 27.12);
insert into SHOT values (371, 328, 346, 20, 12.200, 298.71, 38.10, 12.204, 298.75, 38.10, 0.009, 3.79, 14.21);
insert into SHOT values (372, 328, 347, 20, 5.300, 297.91, 25.60, 5.298, 297.96, 25.61, 0.005, 53.08, -0.64);
insert into SHOT values (373, 328, 348, 20, 2.310, 297.61, 1.20, 2.304, 297.68, 1.24, 0.007, 92.04, 13.91);
insert into SHOT values (374, 328, 349, 20, 13.840, 213.91, 8.40, 13.815, 214.12, 8.20, 0.075, 323.29, -43.87);
insert into SHOT values (375, 349, 328, 20, 13.800, 34.31, -8.00, 13.815, 34.12, -8.20, 0.067, 314.43, -47.46);
insert into SHOT_FLAG values(375, 'dpl');
insert into SHOT values (376, 349, 350, 20, 4.670, 113.81, -18.40, 4.674, 113.79, -18.33, 0.007, 102.50, 34.46);
insert into SHOT values (377, 349, 351, 20, 6.300, 113.51, 8.30, 6.304, 113.52, 8.30, 0.005, 136.18, 6.57);
insert into SHOT values (378, 349, 352, 20, 7.640, 109.81, 33.70, 7.642, 109.86, 33.70, 0.006, 180.86, 9.06);
insert into SHOT values (379, 349, 353, 20, 7.700, 86.71, 64.10, 7.704, 86.76, 64.10, 0.005, 145.69, 41.37);
insert into SHOT values (380, 349, 354, 20, 7.600, 6.31, 68.50, 7.600, 6.39, 68.48, 0.004, 70.09, -15.41);
insert into SHOT values (381, 349, 355, 20, 9.040, 340.31, 51.50, 9.044, 340.37, 51.52, 0.008, 75.80, 38.53);
insert into SHOT values (382, 349, 356, 20, 6.750, 332.01, 34.80, 6.745, 332.00, 34.81, 0.005, 160.00, -26.92);
insert into SHOT values (383, 349, 357, 20, 2.570, 324.81, 18.20, 2.561, 324.87, 18.20, 0.009, 126.20, -17.13);
insert into SHOT values (384, 349, 358, 20, 17.630, 194.71, -5.50, 17.633, 194.35, -5.63, 0.116, 103.94, -20.36);
insert into SHOT values (385, 349, 359, 20, 17.630, 192.31, -5.40, 17.631, 192.30, -5.40, 0.002, 143.47, -23.66);
insert into SHOT values (386, 349, 360, 20, 17.630, 195.01, -5.40, 17.635, 194.99, -5.40, 0.008, 144.88, -5.92);
insert into SHOT values (387, 358, 349, 20, 17.640, 14.01, 5.80, 17.633, 14.35, 5.63, 0.118, 105.25, -26.41);
insert into SHOT_FLAG values(387, 'dpl');
insert into SHOT values (388, 358, 361, 20, 17.670, 12.51, 6.20, 17.671, 12.53, 6.17, 0.010, 87.78, -55.39);
insert into SHOT values (389, 358, 362, 20, 2.290, 287.91, 15.60, 2.287, 287.70, 15.47, 0.010, 188.40, -35.17);
insert into SHOT values (390, 358, 363, 20, 4.610, 289.01, 39.70, 4.603, 288.95, 39.69, 0.008, 145.62, -36.92);
insert into SHOT values (391, 358, 364, 20, 7.810, 300.31, 62.00, 7.803, 300.35, 62.01, 0.008, 92.92, -46.72);
insert into SHOT values (392, 358, 365, 20, 8.220, 349.11, 83.90, 8.216, 349.34, 83.96, 0.010, 146.83, -20.47);
insert into SHOT values (393, 358, 366, 20, 7.210, 83.71, 58.60, 7.210, 83.74, 58.54, 0.008, 105.89, -32.65);
insert into SHOT values (394, 358, 367, 20, 8.420, 90.11, 34.50, 8.416, 90.17, 34.45, 0.012, 172.95, -52.23);
insert into SHOT values (395, 358, 368, 20, 8.790, 93.81, 10.40, 8.793, 93.84, 10.35, 0.010, 149.65, -44.43);
insert into SHOT values (396, 358, 369, 20, 2.940, 98.61, -16.00, 2.949, 98.73, -16.14, 0.013, 140.95, -46.68);
insert into SHOT values (397, 358, 370, 20, 5.460, 175.71, 4.60, 5.462, 175.68, 4.51, 0.009, 137.61, -63.88);
insert into SHOT_FLAG values(397, 'srf');
insert into SHOT values (398, 358, 371, 20, 13.190, 204.11, 1.90, 13.214, 204.70, 1.65, 0.151, 283.68, -22.33);
insert into SHOT values (399, 371, 358, 20, 13.220, 25.31, -1.40, 13.214, 24.70, -1.65, 0.151, 292.00, -22.21);
insert into SHOT_FLAG values(399, 'dpl');
insert into SHOT values (400, 371, 372, 20, 13.210, 23.81, -1.30, 13.220, 23.83, -1.30, 0.012, 51.65, -1.49);
insert into SHOT values (401, 371, 373, 20, 13.200, 25.61, -1.60, 13.204, 25.63, -1.61, 0.007, 80.88, -11.10);
insert into SHOT values (402, 371, 374, 20, 0.570, 54.11, 67.30, 0.565, 54.16, 66.88, 0.006, 60.01, -70.41);
insert into SHOT values (403, 371, 375, 20, 7.150, 62.91, 64.90, 7.147, 62.76, 64.86, 0.010, 358.61, -29.09);
insert into SHOT values (404, 371, 376, 20, 7.320, 69.31, 48.10, 7.319, 69.31, 48.01, 0.011, 69.23, -48.83);
insert into SHOT values (405, 371, 377, 20, 3.140, 70.31, 31.70, 3.147, 70.14, 31.63, 0.011, 25.77, 0.10);
insert into SHOT values (406, 371, 378, 20, 2.410, 70.01, 10.00, 2.411, 69.81, 9.79, 0.012, 357.62, -44.85);
insert into SHOT values (407, 371, 379, 20, 2.170, 71.81, -37.10, 2.177, 71.57, -36.99, 0.011, 30.90, -5.29);
insert into SHOT values (408, 371, 380, 20, 0.790, 245.51, -56.10, 0.792, 245.77, -56.39, 0.005, 19.93, -56.48);
insert into SHOT values (409, 371, 381, 20, 11.590, 128.01, -4.40, 11.574, 127.60, -4.61, 0.093, 24.68, -26.13);
insert into SHOT values (410, 381, 371, 20, 11.560, 307.21, 4.80, 11.574, 307.60, 4.61, 0.090, 25.08, -24.49);
insert into SHOT_FLAG values(410, 'dpl');
insert into SHOT values (411, 381, 382, 20, 6.470, 218.01, -17.90, 6.469, 218.01, -17.92, 0.002, 43.70, -40.98);
insert into SHOT values (412, 381, 383, 20, 9.770, 217.31, -0.00, 9.768, 217.30, 0.00, 0.002, 54.66, 0.00);
insert into SHOT values (413, 381, 384, 20, 10.520, 214.41, 12.50, 10.514, 214.40, 12.47, 0.009, 44.22, -53.23);
insert into SHOT values (414, 381, 385, 20, 10.900, 216.41, 32.80, 10.891, 216.38, 32.80, 0.010, 63.76, -27.61);
insert into SHOT values (415, 381, 386, 20, 9.500, 215.31, 65.00, 9.498, 215.35, 65.03, 0.006, 3.85, 0.68);
insert into SHOT values (416, 381, 387, 20, 7.120, 321.11, 86.80, 7.121, 322.25, 86.84, 0.010, 86.06, 6.57);
insert into SHOT values (417, 381, 388, 20, 7.040, 24.61, 55.30, 7.045, 24.59, 55.27, 0.007, 10.97, 18.34);
insert into SHOT values (418, 381, 389, 20, 3.030, 26.01, 33.90, 3.032, 26.16, 33.87, 0.007, 92.17, 0.26);
insert into SHOT values (419, 381, 390, 20, 2.200, 44.31, 16.30, 2.201, 44.43, 16.09, 0.009, 101.77, -55.31);
insert into SHOT values (420, 381, 391, 20, 3.450, 156.01, -12.10, 3.453, 155.87, -12.20, 0.011, 77.26, -38.64);
insert into SHOT_FLAG values(420, 'srf');
insert into SHOT values (421, 381, 392, 20, 13.840, 203.91, -3.50, 13.857, 204.34, -3.60, 0.109, 285.90, -13.34);
insert into SHOT values (422, 392, 381, 20, 13.890, 24.81, 3.70, 13.857, 24.34, 3.60, 0.120, 278.84, -12.69);
insert into SHOT_FLAG values(422, 'dpl');
insert into SHOT values (423, 392, 393, 20, 13.890, 23.11, 4.00, 13.887, 23.12, 4.01, 0.005, 154.76, 12.21);
insert into SHOT values (424, 392, 394, 20, 1.500, 279.51, 22.40, 1.502, 279.53, 22.31, 0.003, 292.85, -33.58);
insert into SHOT values (425, 392, 395, 20, 2.250, 283.71, 52.30, 2.251, 283.43, 52.26, 0.007, 208.29, -2.11);
insert into SHOT values (426, 392, 396, 20, 3.720, 11.41, 86.30, 3.717, 9.87, 86.40, 0.009, 234.58, -13.75);
insert into SHOT values (427, 392, 397, 20, 12.010, 81.41, 70.00, 12.004, 81.46, 70.00, 0.007, 202.57, -54.66);
insert into SHOT values (428, 392, 398, 20, 14.060, 89.11, 45.70, 14.059, 89.12, 45.69, 0.004, 154.03, -38.12);
insert into SHOT values (429, 392, 399, 20, 3.150, 87.01, 24.20, 3.150, 87.01, 24.17, 0.001, 91.16, -59.50);
insert into SHOT values (430, 392, 400, 20, 2.890, 86.11, 4.60, 2.885, 86.21, 4.57, 0.007, 215.96, -14.45);
insert into SHOT values (431, 392, 401, 20, 2.240, 87.41, -24.80, 2.239, 87.46, -24.83, 0.002, 213.94, -10.10);
insert into SHOT values (432, 392, 402, 20, 11.200, 159.11, 4.30, 11.149, 158.70, 4.17, 0.098, 37.59, -17.65);
insert into SHOT values (433, 402, 392, 20, 11.100, 338.31, -4.10, 11.149, 338.70, -4.17, 0.091, 35.86, -10.37);
insert into SHOT_FLAG values(433, 'dpl');
insert into SHOT values (434, 402, 403, 20, 11.200, 340.31, -4.30, 11.197, 340.27, -4.30, 0.008, 230.89, -1.64);
insert into SHOT values (435, 402, 404, 20, 2.340, 290.71, -37.60, 2.338, 290.48, -37.40, 0.011, 226.34, 43.95);
insert into SHOT values (436, 402, 405, 20, 4.460, 291.51, -23.20, 4.461, 291.44, -23.09, 0.010, 244.62, 46.03);
insert into SHOT values (437, 402, 406, 20, 3.890, 292.51, -5.60, 3.892, 292.46, -5.60, 0.004, 240.14, -5.79);
insert into SHOT values (438, 402, 407, 20, 3.900, 296.51, 15.10, 3.901, 296.50, 15.16, 0.004, 223.11, 80.26);
insert into SHOT values (439, 402, 408, 20, 4.320, 305.61, 36.10, 4.323, 305.56, 36.15, 0.006, 223.02, 56.49);
insert into SHOT values (440, 402, 409, 20, 7.590, 295.21, 54.80, 7.596, 295.16, 54.83, 0.009, 204.31, 65.12);
insert into SHOT values (441, 402, 410, 20, 12.720, 254.01, 1.50, 12.719, 254.12, 1.26, 0.058, 344.45, -65.38);
insert into SHOT values (442, 410, 402, 20, 12.710, 74.21, -1.00, 12.719, 74.12, -1.26, 0.062, 4.40, -69.78);
insert into SHOT_FLAG values(442, 'dpl');
insert into SHOT values (443, 410, 411, 20, 4.630, 62.61, -4.00, 4.627, 62.66, -3.97, 0.006, 189.44, 30.26);
insert into SHOT_FLAG values(443, 'srf');
insert into SHOT values (444, 410, 412, 20, 0.600, 104.01, 63.40, 0.603, 105.07, 63.50, 0.006, 187.64, 34.95);
insert into SHOT values (445, 410, 413, 20, 4.570, 123.11, 45.40, 4.571, 123.20, 45.31, 0.009, 163.89, -27.48);
insert into SHOT values (446, 410, 414, 20, 5.570, 125.31, 30.30, 5.567, 125.34, 30.32, 0.005, 263.35, -2.73);
insert into SHOT values (447, 410, 415, 20, 5.120, 126.61, 12.20, 5.125, 126.64, 12.16, 0.007, 154.33, -17.20);
insert into SHOT values (448, 410, 416, 20, 4.370, 129.51, -8.00, 4.376, 129.57, -8.01, 0.007, 170.58, -14.38);
insert into SHOT values (449, 410, 417, 20, 3.180, 128.51, -26.40, 3.183, 128.60, -26.30, 0.008, 170.78, 30.60);
insert into SHOT values (450, 410, 418, 20, 2.330, 134.31, -42.20, 2.326, 134.53, -42.12, 0.008, 230.16, 37.09);
insert into STATION values (1, '0', 18, 430734.07, 65983.38, 556.51);
insert into STATION values (2, 'cible_A', 18, 430741.00, 65986.00, 556.00);
insert into STATION_FLAG values(2, 'fix');
insert into STATION values (3, '.', 18, 430738.98, 65987.24, 556.44);
insert into STATION values (4, '.', 18, 430738.58, 65986.91, 554.91);
insert into STATION values (5, '.', 18, 430739.07, 65987.04, 557.30);
insert into STATION values (6, '.', 18, 430738.33, 65986.21, 558.28);
insert into STATION values (7, '.', 18, 430734.29, 65983.66, 558.39);
insert into STATION values (8, '.', 18, 430733.84, 65983.19, 558.41);
insert into STATION values (9, '.', 18, 430733.48, 65982.47, 557.98);
insert into STATION values (10, '.', 18, 430733.24, 65981.92, 557.40);
insert into STATION values (11, '.', 18, 430732.97, 65981.62, 556.78);
insert into STATION values (12, '.', 18, 430732.07, 65980.19, 556.42);
insert into STATION values (13, '.', 18, 430733.53, 65972.01, 558.93);
insert into STATION values (14, '.', 18, 430733.37, 65979.83, 557.69);
insert into STATION values (15, '.', 18, 430740.74, 65985.29, 555.98);
insert into STATION values (16, '.', 18, 430739.70, 65985.82, 554.59);
insert into STATION values (17, '1', 18, 430749.43, 65980.52, 555.48);
insert into STATION values (18, '.', 18, 430749.34, 65981.43, 559.66);
insert into STATION values (19, '.', 18, 430748.96, 65983.26, 558.65);
insert into STATION values (20, '.', 18, 430748.74, 65983.85, 557.50);
insert into STATION values (21, '.', 18, 430748.59, 65984.62, 556.81);
insert into STATION values (22, '.', 18, 430748.69, 65983.42, 555.77);
insert into STATION values (23, '.', 18, 430748.85, 65982.48, 554.70);
insert into STATION values (24, '.', 18, 430749.19, 65981.22, 554.04);
insert into STATION values (25, '.', 18, 430749.33, 65980.48, 558.82);
insert into STATION values (26, '.', 18, 430750.06, 65979.71, 556.99);
insert into STATION values (27, '.', 18, 430750.54, 65977.89, 556.56);
insert into STATION values (28, '.', 18, 430749.18, 65971.93, 555.90);
insert into STATION values (29, '.', 18, 430748.87, 65980.61, 554.26);
insert into STATION values (30, '2', 18, 430760.68, 65987.63, 556.24);
insert into STATION values (31, '.', 18, 430760.34, 65988.26, 556.47);
insert into STATION values (32, '.', 18, 430760.13, 65989.01, 557.53);
insert into STATION values (33, '.', 18, 430759.60, 65989.94, 558.86);
insert into STATION values (34, '.', 18, 430760.38, 65988.08, 559.33);
insert into STATION values (35, '.', 18, 430761.24, 65986.18, 559.75);
insert into STATION values (36, '.', 18, 430761.39, 65985.17, 558.21);
insert into STATION values (37, '.', 18, 430761.94, 65983.93, 557.39);
insert into STATION values (38, '.', 18, 430762.03, 65983.31, 556.24);
insert into STATION values (39, '.', 18, 430761.98, 65983.88, 555.47);
insert into STATION values (40, '.', 18, 430761.60, 65985.10, 555.23);
insert into STATION values (41, '.', 18, 430761.63, 65984.93, 554.34);
insert into STATION values (42, '.', 18, 430761.49, 65985.18, 553.63);
insert into STATION values (43, '.', 18, 430761.26, 65986.01, 553.69);
insert into STATION values (44, '.', 18, 430760.77, 65987.51, 555.90);
insert into STATION values (45, '3', 18, 430774.10, 65991.03, 556.10);
insert into STATION values (46, '.', 18, 430772.16, 65990.28, 560.10);
insert into STATION values (47, '.', 18, 430771.19, 65989.29, 560.42);
insert into STATION values (48, '.', 18, 430767.66, 65989.22, 560.17);
insert into STATION values (49, '4', 18, 430786.07, 65978.12, 556.09);
insert into STATION values (50, 'cible_B', 18, 430791.59, 65985.31, 555.77);
insert into STATION values (51, '.', 18, 430786.16, 65978.08, 557.33);
insert into STATION values (52, '.', 18, 430786.34, 65978.64, 558.09);
insert into STATION values (53, '.', 18, 430786.75, 65979.32, 557.76);
insert into STATION values (54, '.', 18, 430787.61, 65981.47, 558.47);
insert into STATION values (55, '.', 18, 430787.77, 65983.52, 558.69);
insert into STATION values (56, '.', 18, 430788.19, 65985.35, 557.50);
insert into STATION values (57, '.', 18, 430788.87, 65987.45, 556.48);
insert into STATION values (58, '.', 18, 430788.77, 65986.52, 555.08);
insert into STATION values (59, '.', 18, 430787.78, 65983.15, 554.74);
insert into STATION values (60, '.', 18, 430787.72, 65983.05, 554.48);
insert into STATION values (61, '.', 18, 430787.25, 65981.90, 554.36);
insert into STATION values (62, '.', 18, 430787.31, 65982.03, 553.85);
insert into STATION values (63, '.', 18, 430786.76, 65980.70, 554.06);
insert into STATION values (64, '.', 18, 430786.40, 65979.41, 554.58);
insert into STATION values (65, '.', 18, 430786.14, 65978.53, 554.81);
insert into STATION values (66, '.', 18, 430786.03, 65977.98, 555.19);
insert into STATION values (67, '5', 18, 430794.41, 65980.13, 554.41);
insert into STATION values (68, '.', 18, 430795.86, 65982.89, 554.23);
insert into STATION values (69, '.', 18, 430795.96, 65983.08, 555.16);
insert into STATION values (70, '.', 18, 430795.98, 65982.88, 555.96);
insert into STATION values (71, '.', 18, 430795.59, 65982.09, 556.47);
insert into STATION values (72, '.', 18, 430794.92, 65981.34, 556.83);
insert into STATION values (73, '.', 18, 430794.17, 65979.98, 557.36);
insert into STATION values (74, '.', 18, 430793.48, 65978.88, 557.46);
insert into STATION values (75, '.', 18, 430793.01, 65977.31, 557.97);
insert into STATION values (76, '.', 18, 430792.62, 65976.23, 557.73);
insert into STATION values (77, '.', 18, 430792.88, 65976.50, 556.53);
insert into STATION values (78, '.', 18, 430793.01, 65976.94, 555.69);
insert into STATION values (79, '.', 18, 430792.92, 65976.38, 555.16);
insert into STATION values (80, '.', 18, 430792.95, 65976.50, 554.58);
insert into STATION values (81, '.', 18, 430793.12, 65977.12, 554.08);
insert into STATION values (82, '6', 18, 430807.88, 65975.51, 554.00);
insert into STATION values (83, '.', 18, 430808.24, 65976.94, 554.24);
insert into STATION values (84, '.', 18, 430809.53, 65981.51, 555.21);
insert into STATION values (85, '.', 18, 430808.82, 65980.07, 556.51);
insert into STATION values (86, '.', 18, 430808.10, 65977.86, 556.60);
insert into STATION values (87, '.', 18, 430807.80, 65976.63, 556.44);
insert into STATION values (88, '.', 18, 430807.72, 65975.74, 556.04);
insert into STATION values (89, '.', 18, 430807.49, 65974.62, 556.74);
insert into STATION values (90, '.', 18, 430807.31, 65973.36, 557.10);
insert into STATION values (91, '.', 18, 430806.95, 65971.56, 557.66);
insert into STATION values (92, '.', 18, 430807.00, 65971.09, 556.96);
insert into STATION values (93, '.', 18, 430806.80, 65970.08, 556.92);
insert into STATION values (94, '.', 18, 430806.75, 65969.68, 556.15);
insert into STATION values (95, '.', 18, 430806.74, 65969.57, 555.10);
insert into STATION values (96, '.', 18, 430806.80, 65970.26, 554.17);
insert into STATION values (97, '.', 18, 430807.13, 65971.77, 553.65);
insert into STATION values (98, '.', 18, 430807.26, 65972.78, 553.29);
insert into STATION values (99, '.', 18, 430807.39, 65973.57, 552.88);
insert into STATION values (100, '.', 18, 430807.68, 65974.59, 552.94);
insert into STATION values (101, '.', 18, 430807.80, 65975.21, 553.24);
insert into STATION values (102, '7', 18, 430817.36, 65963.65, 553.09);
insert into STATION values (103, 'cible_C', 18, 430813.70, 65962.33, 553.90);
insert into STATION values (104, '.', 18, 430818.18, 65963.97, 553.18);
insert into STATION values (105, '.', 18, 430817.94, 65963.93, 553.55);
insert into STATION values (106, '.', 18, 430817.65, 65963.90, 554.30);
insert into STATION values (107, '.', 18, 430816.74, 65963.90, 554.74);
insert into STATION values (108, '.', 18, 430815.45, 65963.74, 555.08);
insert into STATION values (109, '.', 18, 430814.60, 65963.10, 554.84);
insert into STATION values (110, '.', 18, 430813.90, 65962.56, 554.65);
insert into STATION values (111, '.', 18, 430813.64, 65962.44, 554.04);
insert into STATION values (112, '.', 18, 430813.91, 65962.50, 553.58);
insert into STATION values (113, '.', 18, 430814.40, 65962.54, 552.85);
insert into STATION values (114, '.', 18, 430814.22, 65962.44, 552.59);
insert into STATION values (115, '.', 18, 430815.63, 65963.02, 552.65);
insert into STATION values (116, '.', 18, 430816.63, 65963.43, 552.63);
insert into STATION values (117, '.', 18, 430816.95, 65963.48, 552.71);
insert into STATION values (118, '8', 18, 430816.85, 65954.97, 552.95);
insert into STATION values (119, '.', 18, 430815.78, 65954.46, 552.85);
insert into STATION values (120, '.', 18, 430815.79, 65954.48, 553.36);
insert into STATION values (121, '.', 18, 430815.99, 65954.75, 554.19);
insert into STATION values (122, '.', 18, 430816.37, 65955.34, 554.44);
insert into STATION values (123, '.', 18, 430817.14, 65955.56, 554.66);
insert into STATION values (124, '.', 18, 430817.57, 65955.91, 555.06);
insert into STATION values (125, '.', 18, 430818.71, 65956.44, 555.48);
insert into STATION values (126, '.', 18, 430819.55, 65957.03, 555.04);
insert into STATION values (127, '.', 18, 430819.99, 65957.16, 554.66);
insert into STATION values (128, '.', 18, 430820.81, 65957.63, 554.07);
insert into STATION values (129, '.', 18, 430820.81, 65957.44, 553.30);
insert into STATION values (130, '.', 18, 430819.60, 65956.66, 553.03);
insert into STATION values (131, '.', 18, 430819.29, 65956.46, 552.60);
insert into STATION values (132, '.', 18, 430819.09, 65956.35, 552.36);
insert into STATION values (133, '.', 18, 430818.67, 65956.06, 552.14);
insert into STATION values (134, '.', 18, 430818.69, 65956.07, 552.06);
insert into STATION values (135, '.', 18, 430818.04, 65955.64, 552.12);
insert into STATION values (136, '.', 18, 430817.70, 65955.38, 551.93);
insert into STATION values (137, '.', 18, 430819.17, 65956.56, 552.50);
insert into STATION values (138, '9', 18, 430828.35, 65952.11, 552.41);
insert into STATION values (139, '.', 18, 430828.67, 65952.64, 552.68);
insert into STATION values (140, '.', 18, 430828.68, 65952.78, 553.50);
insert into STATION values (141, '.', 18, 430828.44, 65952.86, 554.22);
insert into STATION values (142, '.', 18, 430827.97, 65952.59, 555.22);
insert into STATION values (143, '.', 18, 430827.35, 65951.90, 555.47);
insert into STATION values (144, '.', 18, 430826.97, 65951.05, 555.32);
insert into STATION values (145, '.', 18, 430826.19, 65950.18, 554.99);
insert into STATION values (146, '.', 18, 430826.07, 65949.73, 554.18);
insert into STATION values (147, '.', 18, 430826.25, 65949.74, 553.28);
insert into STATION values (148, '.', 18, 430826.24, 65949.79, 553.12);
insert into STATION values (149, '.', 18, 430826.29, 65949.84, 552.78);
insert into STATION values (150, '.', 18, 430826.19, 65949.79, 552.26);
insert into STATION values (151, '.', 18, 430826.17, 65949.71, 551.90);
insert into STATION values (152, '.', 18, 430826.55, 65950.10, 551.45);
insert into STATION values (153, '.', 18, 430827.22, 65950.90, 551.55);
insert into STATION values (154, '.', 18, 430827.46, 65951.33, 551.49);
insert into STATION values (155, '.', 18, 430827.75, 65951.66, 551.54);
insert into STATION values (156, '.', 18, 430828.01, 65951.91, 551.62);
insert into STATION values (157, '10', 18, 430829.12, 65945.92, 552.20);
insert into STATION values (158, 'cible_D', 18, 430832.84, 65943.41, 553.03);
insert into STATION values (159, '.', 18, 430828.28, 65945.81, 551.98);
insert into STATION values (160, '.', 18, 430827.57, 65945.54, 552.69);
insert into STATION values (161, '.', 18, 430826.77, 65945.39, 553.65);
insert into STATION values (162, '.', 18, 430825.80, 65945.10, 554.57);
insert into STATION values (163, '.', 18, 430825.94, 65945.04, 555.46);
insert into STATION values (164, '.', 18, 430826.86, 65945.36, 555.63);
insert into STATION values (165, '.', 18, 430828.13, 65946.00, 555.61);
insert into STATION values (166, '.', 18, 430829.12, 65946.54, 556.47);
insert into STATION values (167, '.', 18, 430830.10, 65946.66, 555.21);
insert into STATION values (168, '.', 18, 430830.93, 65946.86, 554.78);
insert into STATION values (169, '.', 18, 430831.88, 65947.03, 554.28);
insert into STATION values (170, '.', 18, 430832.27, 65947.10, 553.70);
insert into STATION values (171, '.', 18, 430832.11, 65947.05, 552.84);
insert into STATION values (172, '.', 18, 430832.16, 65947.14, 552.49);
insert into STATION values (173, '.', 18, 430831.53, 65946.70, 552.16);
insert into STATION values (174, '.', 18, 430831.09, 65946.52, 551.84);
insert into STATION values (175, '.', 18, 430830.09, 65946.20, 551.89);
insert into STATION values (176, '.', 18, 430829.66, 65946.05, 551.81);
insert into STATION values (177, '11', 18, 430833.61, 65929.56, 550.80);
insert into STATION values (178, '.', 18, 430833.34, 65929.49, 550.90);
insert into STATION values (179, '.', 18, 430824.44, 65962.25, 553.72);
insert into STATION values (180, '.', 18, 430833.55, 65929.39, 552.30);
insert into STATION values (181, '.', 18, 430834.10, 65930.03, 552.88);
insert into STATION values (182, '.', 18, 430834.36, 65931.04, 553.45);
insert into STATION values (183, '.', 18, 430834.91, 65931.49, 552.74);
insert into STATION values (184, '.', 18, 430835.51, 65932.39, 552.61);
insert into STATION values (185, '.', 18, 430835.81, 65932.16, 551.82);
insert into STATION values (186, '.', 18, 430835.95, 65932.60, 551.14);
insert into STATION values (187, '.', 18, 430835.74, 65932.50, 550.52);
insert into STATION values (188, '.', 18, 430835.29, 65932.09, 550.00);
insert into STATION values (189, '.', 18, 430834.50, 65931.08, 549.65);
insert into STATION values (190, '.', 18, 430834.22, 65930.78, 549.37);
insert into STATION values (191, '.', 18, 430833.68, 65930.47, 549.24);
insert into STATION values (192, '12', 18, 430845.96, 65921.37, 550.52);
insert into STATION values (193, '.', 18, 430845.88, 65921.45, 550.95);
insert into STATION values (194, '.', 18, 430844.43, 65921.23, 552.00);
insert into STATION values (195, '.', 18, 430843.57, 65921.19, 551.95);
insert into STATION values (196, '.', 18, 430843.06, 65921.25, 551.76);
insert into STATION values (197, '.', 18, 430842.64, 65921.09, 551.23);
insert into STATION values (198, '.', 18, 430842.49, 65920.86, 550.37);
insert into STATION values (199, '.', 18, 430842.00, 65920.56, 549.85);
insert into STATION values (200, '.', 18, 430843.36, 65920.82, 549.38);
insert into STATION values (201, '.', 18, 430844.87, 65921.10, 549.34);
insert into STATION values (202, '.', 18, 430845.65, 65921.27, 549.87);
insert into STATION values (203, '.', 18, 430845.99, 65921.32, 549.95);
insert into STATION values (204, '13', 18, 430842.24, 65911.23, 552.38);
insert into STATION values (205, 'cible_E', 18, 430840.55, 65913.44, 552.67);
insert into STATION values (206, '.', 18, 430842.09, 65910.81, 552.90);
insert into STATION values (207, '.', 18, 430841.99, 65910.59, 553.32);
insert into STATION values (208, '.', 18, 430842.13, 65911.15, 553.42);
insert into STATION values (209, '.', 18, 430842.19, 65911.79, 553.53);
insert into STATION values (210, '.', 18, 430842.43, 65912.77, 553.64);
insert into STATION values (211, '.', 18, 430842.77, 65914.03, 553.74);
insert into STATION values (212, '.', 18, 430843.45, 65916.87, 553.30);
insert into STATION values (213, '.', 18, 430844.64, 65915.60, 552.29);
insert into STATION values (214, '.', 18, 430844.50, 65915.11, 551.60);
insert into STATION values (215, '.', 18, 430843.90, 65914.84, 550.91);
insert into STATION values (216, '.', 18, 430843.83, 65913.84, 551.01);
insert into STATION values (217, '.', 18, 430843.05, 65912.35, 551.56);
insert into STATION values (218, '.', 18, 430842.58, 65911.60, 551.97);
insert into STATION values (219, '14', 18, 430854.01, 65918.20, 551.21);
insert into STATION values (220, '.', 18, 430853.93, 65917.46, 553.12);
insert into STATION values (221, '.', 18, 430853.92, 65916.38, 553.77);
insert into STATION values (222, '.', 18, 430853.81, 65915.59, 553.44);
insert into STATION values (223, '.', 18, 430853.42, 65914.96, 552.38);
insert into STATION values (224, '.', 18, 430853.33, 65914.88, 551.89);
insert into STATION values (225, '.', 18, 430853.41, 65915.25, 551.35);
insert into STATION values (226, '.', 18, 430853.40, 65915.06, 550.70);
insert into STATION values (227, '.', 18, 430853.87, 65918.84, 550.34);
insert into STATION values (228, '.', 18, 430853.95, 65918.15, 552.10);
insert into STATION values (229, '15', 18, 430859.74, 65909.75, 553.02);
insert into STATION values (230, '.', 18, 430860.77, 65909.92, 553.88);
insert into STATION values (231, '.', 18, 430860.25, 65909.88, 554.55);
insert into STATION values (232, '.', 18, 430859.25, 65909.86, 554.46);
insert into STATION values (233, '.', 18, 430858.84, 65909.83, 554.49);
insert into STATION values (234, '.', 18, 430857.99, 65909.81, 554.53);
insert into STATION values (235, '.', 18, 430857.19, 65909.85, 554.44);
insert into STATION values (236, '.', 18, 430856.42, 65909.82, 553.75);
insert into STATION values (237, '.', 18, 430856.63, 65909.76, 552.97);
insert into STATION values (238, '.', 18, 430856.90, 65909.81, 552.08);
insert into STATION values (239, '.', 18, 430857.10, 65910.11, 551.85);
insert into STATION values (240, '.', 18, 430858.39, 65909.88, 551.82);
insert into STATION values (241, '.', 18, 430859.09, 65909.86, 552.10);
insert into STATION values (242, '16', 18, 430854.04, 65892.92, 553.22);
insert into STATION values (243, '.', 18, 430860.04, 65909.68, 553.10);
insert into STATION values (244, '.', 18, 430859.60, 65909.81, 553.13);
insert into STATION values (245, '.', 18, 430853.95, 65893.13, 555.58);
insert into STATION values (246, '.', 18, 430854.00, 65892.98, 554.17);
insert into STATION values (247, '.', 18, 430854.64, 65893.22, 556.13);
insert into STATION values (248, '.', 18, 430855.69, 65893.58, 556.47);
insert into STATION values (249, '.', 18, 430856.98, 65894.04, 555.84);
insert into STATION values (250, '.', 18, 430857.55, 65894.29, 554.94);
insert into STATION values (251, '.', 18, 430857.89, 65894.37, 553.93);
insert into STATION values (252, '.', 18, 430857.98, 65894.42, 552.97);
insert into STATION values (253, '.', 18, 430857.81, 65894.28, 552.32);
insert into STATION values (254, '.', 18, 430856.89, 65893.94, 552.05);
insert into STATION values (255, '.', 18, 430856.22, 65893.95, 551.68);
insert into STATION values (256, '.', 18, 430855.63, 65893.73, 551.86);
insert into STATION values (257, '.', 18, 430854.94, 65893.57, 551.68);
insert into STATION values (258, '.', 18, 430854.14, 65893.33, 551.98);
insert into STATION values (259, '.', 18, 430853.83, 65892.93, 552.05);
insert into STATION values (260, 'cible_F', 18, 430858.59, 65891.04, 552.72);
insert into STATION values (261, '17', 18, 430867.43, 65881.16, 553.65);
insert into STATION values (262, '.', 18, 430866.96, 65880.29, 552.74);
insert into STATION values (263, '.', 18, 430866.96, 65880.31, 553.49);
insert into STATION values (264, '.', 18, 430866.71, 65880.12, 554.27);
insert into STATION values (265, '.', 18, 430866.54, 65879.85, 555.21);
insert into STATION values (266, '.', 18, 430866.65, 65880.21, 555.56);
insert into STATION values (267, '.', 18, 430866.97, 65880.67, 556.08);
insert into STATION values (268, '.', 18, 430867.36, 65881.32, 556.51);
insert into STATION values (269, '.', 18, 430867.65, 65881.64, 556.94);
insert into STATION values (270, '.', 18, 430867.89, 65881.83, 556.02);
insert into STATION values (271, '.', 18, 430868.23, 65882.32, 555.80);
insert into STATION values (272, '.', 18, 430868.22, 65882.49, 555.57);
insert into STATION values (273, '.', 18, 430868.30, 65882.61, 555.26);
insert into STATION values (274, '.', 18, 430868.42, 65882.80, 554.84);
insert into STATION values (275, '.', 18, 430868.38, 65882.85, 554.35);
insert into STATION values (276, '.', 18, 430868.58, 65883.13, 554.02);
insert into STATION values (277, '.', 18, 430868.48, 65882.91, 553.46);
insert into STATION values (278, '.', 18, 430868.24, 65882.70, 552.91);
insert into STATION values (279, '.', 18, 430867.96, 65882.19, 552.72);
insert into STATION values (280, '.', 18, 430867.77, 65882.00, 552.41);
insert into STATION values (281, '.', 18, 430867.63, 65881.57, 552.67);
insert into STATION values (282, 'cible_G', 18, 430869.10, 65882.19, 552.91);
insert into STATION values (283, '18', 18, 430881.16, 65876.78, 552.74);
insert into STATION values (284, '.', 18, 430880.92, 65876.28, 552.43);
insert into STATION values (285, '.', 18, 430881.27, 65876.93, 551.61);
insert into STATION values (286, '.', 18, 430881.78, 65878.29, 551.84);
insert into STATION values (287, '.', 18, 430881.88, 65878.18, 552.94);
insert into STATION values (288, '.', 18, 430881.96, 65878.10, 553.94);
insert into STATION values (289, '.', 18, 430880.61, 65875.66, 553.21);
insert into STATION values (290, '.', 18, 430880.53, 65875.79, 551.40);
insert into STATION values (291, '19', 18, 430895.94, 65862.43, 553.39);
insert into STATION values (292, '.', 18, 430895.28, 65860.58, 552.03);
insert into STATION values (293, '.', 18, 430894.88, 65858.98, 552.10);
insert into STATION values (294, '.', 18, 430893.33, 65857.48, 552.24);
insert into STATION values (295, '.', 18, 430893.11, 65856.48, 554.30);
insert into STATION values (296, '.', 18, 430892.16, 65854.93, 558.86);
insert into STATION values (297, '.', 18, 430893.81, 65859.32, 559.42);
insert into STATION values (298, '.', 18, 430893.86, 65861.81, 559.54);
insert into STATION values (299, '.', 18, 430894.78, 65864.69, 559.67);
insert into STATION values (300, '.', 18, 430895.88, 65867.71, 560.69);
insert into STATION values (301, '.', 18, 430898.90, 65871.37, 561.18);
insert into STATION values (302, '.', 18, 430901.78, 65874.45, 559.20);
insert into STATION values (303, '.', 18, 430901.58, 65871.05, 556.64);
insert into STATION values (304, '.', 18, 430901.34, 65868.82, 555.03);
insert into STATION values (305, '.', 18, 430901.17, 65869.66, 555.84);
insert into STATION values (306, '.', 18, 430899.87, 65867.13, 553.99);
insert into STATION values (307, '.', 18, 430898.56, 65865.95, 552.59);
insert into STATION values (308, '.', 18, 430890.00, 65873.32, 559.96);
insert into STATION values (309, '.', 18, 430885.69, 65866.28, 559.15);
insert into STATION values (310, '.', 18, 430881.96, 65859.71, 559.34);
insert into STATION values (311, '.', 18, 430892.23, 65861.17, 557.96);
insert into STATION values (312, '.', 18, 430894.32, 65859.02, 559.47);
insert into STATION values (313, '.', 18, 430896.47, 65861.30, 552.12);
insert into STATION values (314, 'cible_H', 18, 430897.88, 65860.27, 553.03);
insert into STATION values (315, '.', 18, 430897.81, 65860.22, 553.03);
insert into STATION values (316, '20', 18, 430882.90, 65856.87, 552.27);
insert into STATION values (317, '.', 18, 430882.24, 65861.11, 552.03);
insert into STATION values (318, '.', 18, 430881.80, 65864.42, 555.40);
insert into STATION values (319, '.', 18, 430882.63, 65865.60, 559.63);
insert into STATION values (320, '.', 18, 430885.02, 65861.25, 559.93);
insert into STATION values (321, '.', 18, 430886.07, 65856.49, 559.78);
insert into STATION values (322, '.', 18, 430886.75, 65853.55, 558.15);
insert into STATION values (323, '.', 18, 430884.10, 65855.07, 553.68);
insert into STATION values (324, '.', 18, 430883.27, 65855.60, 552.06);
insert into STATION values (325, '.', 18, 430883.13, 65855.99, 551.59);
insert into STATION values (326, 'cible_C7', 18, 430879.03, 65854.42, 551.80);
insert into STATION values (327, '21', 18, 430862.67, 65857.47, 552.50);
insert into STATION values (328, '22', 18, 430855.36, 65858.38, 551.70);
insert into STATION values (329, '.', 18, 430862.40, 65856.59, 552.75);
insert into STATION values (330, '.', 18, 430862.35, 65856.34, 554.22);
insert into STATION values (331, '.', 18, 430862.07, 65855.56, 557.89);
insert into STATION values (332, '.', 18, 430862.86, 65857.57, 559.37);
insert into STATION values (333, '.', 18, 430864.27, 65861.00, 560.18);
insert into STATION values (334, '.', 18, 430863.48, 65866.02, 562.62);
insert into STATION values (335, '.', 18, 430863.81, 65867.80, 558.50);
insert into STATION values (336, '.', 18, 430863.91, 65867.32, 554.66);
insert into STATION values (337, '.', 18, 430863.50, 65863.48, 552.72);
insert into STATION values (338, '.', 18, 430863.34, 65861.67, 551.35);
insert into STATION values (339, '.', 18, 430863.16, 65860.71, 551.31);
insert into STATION values (340, 'cible_C8', 18, 430854.04, 65860.96, 552.23);
insert into STATION values (341, '.', 18, 430857.01, 65856.73, 551.43);
insert into STATION values (342, '.', 18, 430858.67, 65855.17, 552.10);
insert into STATION values (343, '.', 18, 430858.56, 65855.27, 555.98);
insert into STATION values (344, '.', 18, 430855.78, 65856.67, 558.66);
insert into STATION values (345, '.', 18, 430851.57, 65860.27, 560.24);
insert into STATION values (346, '.', 18, 430846.94, 65863.00, 559.23);
insert into STATION values (347, '.', 18, 430851.14, 65860.62, 553.99);
insert into STATION values (348, '.', 18, 430853.32, 65859.45, 551.75);
insert into STATION values (349, '23', 18, 430847.69, 65847.06, 553.67);
insert into STATION values (350, '.', 18, 430851.75, 65845.27, 552.20);
insert into STATION values (351, '.', 18, 430853.41, 65844.57, 554.58);
insert into STATION values (352, '.', 18, 430853.67, 65844.90, 557.91);
insert into STATION values (353, '.', 18, 430851.05, 65847.25, 560.60);
insert into STATION values (354, '.', 18, 430848.00, 65849.83, 560.74);
insert into STATION values (355, '.', 18, 430845.80, 65852.36, 560.75);
insert into STATION values (356, '.', 18, 430845.09, 65851.95, 557.52);
insert into STATION values (357, '.', 18, 430846.29, 65849.05, 554.47);
insert into STATION values (358, '24', 18, 430843.34, 65830.06, 551.94);
insert into STATION values (359, '.', 18, 430843.95, 65829.91, 552.01);
insert into STATION values (360, '.', 18, 430843.15, 65830.10, 552.01);
insert into STATION values (361, '.', 18, 430847.15, 65847.21, 553.84);
insert into STATION values (362, '.', 18, 430841.24, 65830.73, 552.55);
insert into STATION values (363, '.', 18, 430839.99, 65831.21, 554.88);
insert into STATION values (364, '.', 18, 430840.18, 65831.91, 558.83);
insert into STATION values (365, '.', 18, 430843.18, 65830.91, 560.11);
insert into STATION values (366, '.', 18, 430847.08, 65830.47, 558.09);
insert into STATION values (367, '.', 18, 430850.28, 65830.04, 556.70);
insert into STATION values (368, '.', 18, 430851.97, 65829.48, 553.52);
insert into STATION values (369, '.', 18, 430846.14, 65829.63, 551.12);
insert into STATION values (370, 'cible_C2', 18, 430843.75, 65824.63, 552.37);
insert into STATION values (371, '25', 18, 430837.82, 65818.06, 552.32);
insert into STATION values (372, '.', 18, 430843.16, 65830.15, 552.02);
insert into STATION values (373, '.', 18, 430843.53, 65829.96, 551.95);
insert into STATION values (374, '.', 18, 430838.00, 65818.19, 552.84);
insert into STATION values (375, '.', 18, 430840.52, 65819.45, 558.79);
insert into STATION values (376, '.', 18, 430842.40, 65819.79, 557.76);
insert into STATION values (377, '.', 18, 430840.34, 65818.97, 553.97);
insert into STATION values (378, '.', 18, 430840.05, 65818.88, 552.73);
insert into STATION values (379, '.', 18, 430839.47, 65818.61, 551.01);
insert into STATION values (380, '.', 18, 430837.42, 65817.88, 551.66);
insert into STATION values (381, '26', 18, 430846.96, 65811.02, 551.39);
insert into STATION values (382, '.', 18, 430843.17, 65806.17, 549.40);
insert into STATION values (383, '.', 18, 430841.04, 65803.25, 551.39);
insert into STATION values (384, '.', 18, 430841.16, 65802.55, 553.66);
insert into STATION values (385, '.', 18, 430841.53, 65803.65, 557.29);
insert into STATION values (386, '.', 18, 430844.64, 65807.75, 560.00);
insert into STATION values (387, '.', 18, 430846.72, 65811.33, 558.50);
insert into STATION values (388, '.', 18, 430848.63, 65814.67, 557.18);
insert into STATION values (389, '.', 18, 430848.07, 65813.28, 553.08);
insert into STATION values (390, '.', 18, 430848.44, 65812.53, 552.00);
insert into STATION values (391, 'cible_C1', 18, 430848.34, 65807.94, 550.66);
insert into STATION values (392, '27', 18, 430841.26, 65798.42, 550.52);
insert into STATION values (393, '.', 18, 430846.70, 65811.16, 551.49);
insert into STATION values (394, '.', 18, 430839.89, 65798.65, 551.09);
insert into STATION values (395, '.', 18, 430839.92, 65798.74, 552.30);
insert into STATION values (396, '.', 18, 430841.30, 65798.65, 554.23);
insert into STATION values (397, '.', 18, 430845.32, 65799.03, 561.80);
insert into STATION values (398, '.', 18, 430851.08, 65798.57, 560.58);
insert into STATION values (399, '.', 18, 430844.13, 65798.57, 551.81);
insert into STATION values (400, '.', 18, 430844.13, 65798.61, 550.75);
insert into STATION values (401, '.', 18, 430843.29, 65798.51, 549.58);
insert into STATION values (402, '28', 18, 430845.30, 65788.06, 551.33);
insert into STATION values (403, '.', 18, 430841.53, 65798.57, 550.49);
insert into STATION values (404, '.', 18, 430843.56, 65788.71, 549.91);
insert into STATION values (405, '.', 18, 430841.48, 65789.56, 549.58);
insert into STATION values (406, '.', 18, 430841.72, 65789.54, 550.95);
insert into STATION values (407, '.', 18, 430841.93, 65789.74, 552.35);
insert into STATION values (408, '.', 18, 430842.46, 65790.09, 553.88);
insert into STATION values (409, '.', 18, 430841.34, 65789.92, 557.54);
insert into STATION values (410, '29', 18, 430833.07, 65784.58, 551.61);
insert into STATION values (411, 'cible_C3', 18, 430837.17, 65786.70, 551.29);
insert into STATION values (412, '.', 18, 430833.33, 65784.51, 552.15);
insert into STATION values (413, '.', 18, 430835.76, 65782.82, 554.86);
insert into STATION values (414, '.', 18, 430836.99, 65781.80, 554.42);
insert into STATION values (415, '.', 18, 430837.09, 65781.59, 552.69);
insert into STATION values (416, '.', 18, 430836.41, 65781.82, 551.00);
insert into STATION values (417, '.', 18, 430835.30, 65782.80, 550.20);
insert into STATION values (418, '.', 18, 430834.30, 65783.37, 550.05);
