create table SURVEY (ID integer, PARENT_ID integer, NAME varchar(26), FULL_NAME varchar(26), TITLE varchar(33));
create table CENTRELINE (ID integer, SURVEY_ID integer, TITLE varchar(4), TOPO_DATE date, EXPLO_DATE date, LENGTH real, SURFACE_LENGTH real, DUPLICATE_LENGTH real);
create table PERSON (ID integer, NAME varchar(9), SURNAME varchar(9));
create table EXPLO (PERSON_ID integer, CENTRELINE_ID integer);
create table TOPO (PERSON_ID integer, CENTRELINE_ID integer);
create table STATION (ID integer, NAME varchar(8), SURVEY_ID integer, X real, Y real, Z real);
create table STATION_FLAG (STATION_ID integer, FLAG char(3));
create table SHOT (ID integer, FROM_ID integer, TO_ID integer, CENTRELINE_ID integer, LENGTH real, BEARING real, GRADIENT real, ADJ_LENGTH real, ADJ_BEARING real, ADJ_GRADIENT real, ERR_LENGTH real, ERR_BEARING real, ERR_GRADIENT real);
create table SHOT_FLAG (SHOT_ID integer, FLAG char(3));
create table MAPS (ID integer, SURVEY_ID integer, NAME varchar(26), TITLE varchar(33), PROJID integer, LENGTH real, DEPTH real);
create table SCRAPS (ID integer, SURVEY_ID integer, NAME varchar(26), PROJID integer, MAX_DISTORTION real, AVG_DISTORTION real);
create table MAPITEMS (ID integer, TYPE integer, ITEMID integer);
insert into SURVEY values (1, 0, '', '', NULL);
 insert into CENTRELINE values (2, 1, NULL, NULL, NULL, 0.00, 0.00, 0.00);
 insert into SURVEY values (20, 1, 'GrotteDeLaCascadeDeMotiers', 'GrotteDeLaCascadeDeMotiers', 'Grotte de la cascade de Motiers');
 insert into CENTRELINE values (21, 20, NULL, NULL, NULL, 0.00, 0.00, 0.00);
 insert into CENTRELINE values (22, 20, NULL, '2023-07-20', NULL, 103.16, 0.00, 103.57);
 insert into PERSON values (1, 'Tanguy', 'Racine');
insert into TOPO values (1, 22);
 insert into PERSON values (2, 'Ludovic', 'Schorrp');
insert into TOPO values (2, 22);
 insert into PERSON values (3, 'Robin', 'Voland');
insert into TOPO values (3, 22);
 insert into SHOT values (1, 1, 2, 22, 0.640, 292.76, -23.70, 0.638, 292.17, -24.03, 0.007, 176.73, -22.20);
insert into SHOT values (2, 1, 3, 22, 5.860, 167.86, -15.30, 5.853, 168.97, -15.36, 0.109, 262.62, -1.94);
insert into SHOT values (3, 3, 1, 22, 5.850, 350.16, 15.50, 5.853, 348.97, 15.36, 0.118, 263.00, -6.47);
insert into SHOT_FLAG values(3, 'dpl');
insert into SHOT values (4, 3, 4, 22, 6.880, 198.66, -26.20, 6.925, 198.11, -26.31, 0.076, 138.62, -25.33);
insert into SHOT values (5, 4, 3, 22, 6.970, 17.56, 26.40, 6.925, 18.11, 26.31, 0.076, 138.44, -22.68);
insert into SHOT_FLAG values(5, 'dpl');
insert into SHOT values (6, 4, 5, 22, 7.930, 163.36, -18.20, 7.934, 164.43, -18.44, 0.145, 256.80, -13.27);
insert into SHOT values (7, 5, 4, 22, 7.910, 345.06, 18.70, 7.934, 344.43, 18.44, 0.093, 276.93, -16.26);
insert into SHOT_FLAG values(7, 'dpl');
insert into SHOT values (8, 5, 4, 22, 7.940, 345.86, 18.50, 7.934, 344.43, 18.44, 0.188, 254.07, -2.86);
insert into SHOT_FLAG values(8, 'dpl');
insert into SHOT values (9, 5, 6, 22, 4.160, 177.26, -31.30, 4.152, 178.06, -31.19, 0.051, 270.56, 12.67);
insert into SHOT values (10, 6, 5, 22, 4.160, 358.66, 31.00, 4.152, 358.06, 31.19, 0.040, 248.00, 10.64);
insert into SHOT_FLAG values(10, 'dpl');
insert into SHOT values (11, 6, 7, 22, 1.310, 232.86, -12.90, 1.309, 232.32, -12.80, 0.012, 138.74, 11.52);
insert into SHOT values (12, 6, 8, 22, 8.000, 200.36, -12.00, 7.997, 200.06, -12.27, 0.056, 95.07, -40.52);
insert into SHOT values (13, 8, 6, 22, 7.990, 19.86, 12.60, 7.997, 20.06, 12.27, 0.053, 78.46, -53.87);
insert into SHOT_FLAG values(13, 'dpl');
insert into SHOT values (14, 8, 9, 22, 6.280, 154.56, -17.70, 6.260, 154.77, -17.86, 0.034, 293.09, -18.25);
insert into SHOT values (15, 9, 8, 22, 6.250, 334.96, 18.00, 6.260, 334.77, 17.86, 0.027, 280.43, -24.65);
insert into SHOT_FLAG values(15, 'dpl');
insert into SHOT values (16, 9, 10, 22, 9.600, 249.76, -15.40, 9.597, 249.41, -15.66, 0.072, 144.97, -34.53);
insert into SHOT values (17, 10, 9, 22, 9.600, 69.06, 15.90, 9.597, 69.41, 15.66, 0.069, 151.38, -35.42);
insert into SHOT_FLAG values(17, 'dpl');
insert into SHOT values (18, 10, 11, 22, 5.700, 219.86, -22.20, 5.705, 219.63, -22.14, 0.023, 146.67, 9.19);
insert into SHOT values (19, 11, 10, 22, 5.700, 39.46, 22.10, 5.705, 39.63, 22.14, 0.016, 118.65, 19.83);
insert into SHOT_FLAG values(19, 'dpl');
insert into SHOT values (20, 11, 12, 22, 2.000, 290.46, 1.00, 2.006, 290.42, 1.14, 0.008, 278.21, 37.90);
insert into SHOT values (21, 1, 13, 22, 11.220, 318.36, 20.70, 11.218, 318.28, 20.56, 0.031, 256.23, -56.93);
insert into SHOT values (22, 13, 1, 22, 11.220, 138.16, -20.40, 11.218, 138.28, -20.56, 0.038, 258.54, -49.08);
insert into SHOT_FLAG values(22, 'dpl');
insert into SHOT values (23, 13, 14, 22, 2.030, 252.46, -5.50, 2.038, 251.92, -5.07, 0.026, 188.81, 34.30);
insert into SHOT values (24, 14, 13, 22, 2.040, 71.16, 4.60, 2.038, 71.92, 5.07, 0.032, 168.33, 31.13);
insert into SHOT_FLAG values(24, 'dpl');
insert into SHOT values (25, 14, 15, 22, 1.760, 61.76, -10.30, 1.759, 62.10, -10.15, 0.011, 154.45, 24.48);
insert into SHOT values (26, 14, 16, 22, 9.070, 297.86, -27.00, 9.084, 297.51, -26.97, 0.051, 223.89, -2.59);
insert into SHOT values (27, 16, 14, 22, 9.100, 117.26, 26.90, 9.084, 117.51, 26.97, 0.041, 236.23, 3.99);
insert into SHOT_FLAG values(27, 'dpl');
insert into SHOT values (28, 16, 17, 22, 1.940, 95.96, -2.60, 1.942, 95.92, -2.66, 0.003, 62.36, -35.49);
insert into SHOT values (29, 16, 18, 22, 13.160, 271.26, -14.00, 13.174, 271.03, -14.19, 0.069, 184.47, -42.02);
insert into SHOT values (30, 18, 16, 22, 13.200, 90.76, 14.40, 13.174, 91.03, 14.19, 0.081, 193.29, -40.54);
insert into SHOT_FLAG values(30, 'dpl');
insert into SHOT values (31, 18, 19, 22, 5.620, 270.26, -3.20, 5.629, 269.90, -3.16, 0.037, 193.90, 5.78);
insert into SHOT values (32, 19, 18, 22, 5.640, 89.56, 3.10, 5.629, 89.90, 3.16, 0.035, 199.31, 8.12);
insert into SHOT_FLAG values(32, 'dpl');
insert into STATION values (1, '0', 20, 537658.12, 195246.70, 770.90);
insert into STATION values (2, 'C3', 20, 537657.58, 195246.92, 770.64);
insert into STATION values (3, '1', 20, 537659.20, 195241.16, 769.35);
insert into STATION values (4, '2', 20, 537657.27, 195235.26, 766.28);
insert into STATION values (5, '3', 20, 537659.29, 195228.01, 763.77);
insert into STATION values (6, '4', 20, 537659.41, 195224.46, 761.62);
insert into STATION values (7, 'C4', 20, 537658.40, 195223.68, 761.33);
insert into STATION values (8, '5', 20, 537656.73, 195217.12, 759.92);
insert into STATION values (9, '6', 20, 537659.27, 195211.73, 758.00);
insert into STATION values (10, '7', 20, 537650.62, 195208.48, 755.41);
insert into STATION values (11, '8', 20, 537647.25, 195204.41, 753.26);
insert into STATION values (12, 'C5', 20, 537645.37, 195205.11, 753.30);
insert into STATION values (13, '9', 20, 537651.13, 195254.54, 774.84);
insert into STATION values (14, '10', 20, 537649.20, 195253.91, 774.66);
insert into STATION values (15, 'C2', 20, 537650.73, 195254.72, 774.35);
insert into STATION values (16, '11', 20, 537642.02, 195257.65, 770.54);
insert into STATION values (17, 'C1', 20, 537643.95, 195257.45, 770.45);
insert into STATION values (18, '12', 20, 537629.25, 195257.88, 767.31);
insert into STATION values (19, 'sortie', 20, 537623.63, 195257.87, 767.00);
insert into STATION_FLAG values(19, 'fix');
