create table SURVEY (ID integer, PARENT_ID integer, NAME varchar(8), FULL_NAME varchar(8), TITLE varchar(10));
create table CENTRELINE (ID integer, SURVEY_ID integer, TITLE varchar(4), TOPO_DATE date, EXPLO_DATE date, LENGTH real, SURFACE_LENGTH real, DUPLICATE_LENGTH real);
create table PERSON (ID integer, NAME varchar(1), SURNAME varchar(1));
create table EXPLO (PERSON_ID integer, CENTRELINE_ID integer);
create table TOPO (PERSON_ID integer, CENTRELINE_ID integer);
create table STATION (ID integer, NAME varchar(9), SURVEY_ID integer, X real, Y real, Z real);
create table STATION_FLAG (STATION_ID integer, FLAG char(3));
create table SHOT (ID integer, FROM_ID integer, TO_ID integer, CENTRELINE_ID integer, LENGTH real, BEARING real, GRADIENT real, ADJ_LENGTH real, ADJ_BEARING real, ADJ_GRADIENT real, ERR_LENGTH real, ERR_BEARING real, ERR_GRADIENT real);
create table SHOT_FLAG (SHOT_ID integer, FLAG char(3));
create table MAPS (ID integer, SURVEY_ID integer, NAME varchar(8), TITLE varchar(10), PROJID integer, LENGTH real, DEPTH real);
create table SCRAPS (ID integer, SURVEY_ID integer, NAME varchar(8), PROJID integer, MAX_DISTORTION real, AVG_DISTORTION real);
create table MAPITEMS (ID integer, TYPE integer, ITEMID integer);
insert into SURVEY values (1, 0, '', '', NULL);
 insert into CENTRELINE values (2, 1, NULL, NULL, NULL, 0.00, 0.00, 0.00);
 insert into SURVEY values (20, 1, 'Archamps', 'Archamps', 'archamps');
 insert into CENTRELINE values (21, 20, NULL, NULL, NULL, 0.00, 0.00, 0.00);
 insert into CENTRELINE values (22, 20, NULL, '2024-02-25', NULL, 158.65, 23.53, 136.25);
 insert into SHOT values (1, 1, 2, 22, 4.510, 30.94, -3.20, 4.505, 30.90, -3.18, 0.006, 248.56, 16.96);
insert into SHOT_FLAG values(1, 'srf');
insert into SHOT values (2, 1, 3, 22, 8.190, 38.24, 2.10, 8.165, 38.23, 2.04, 0.026, 221.89, -22.64);
insert into SHOT values (3, 3, 1, 22, 8.160, 218.24, -1.90, 8.165, 218.23, -2.04, 0.020, 200.43, -75.49);
insert into SHOT_FLAG values(3, 'dpl');
insert into SHOT values (4, 3, 4, 22, 0.450, 314.44, -6.60, 0.455, 315.00, -6.30, 0.007, 353.05, 13.72);
insert into SHOT values (5, 3, 5, 22, 0.440, 314.74, 21.30, 0.440, 315.00, 21.31, 0.002, 39.35, 5.24);
insert into SHOT values (6, 3, 6, 22, 0.790, 315.64, 39.70, 0.787, 316.33, 39.42, 0.009, 42.46, -32.26);
insert into SHOT values (7, 3, 7, 22, 1.050, 319.84, 64.50, 1.053, 320.36, 64.43, 0.005, 18.50, 25.63);
insert into SHOT values (8, 3, 8, 22, 1.200, 39.64, 82.70, 1.200, 39.81, 82.52, 0.004, 46.43, -4.17);
insert into SHOT values (9, 3, 9, 22, 0.880, 105.24, 70.80, 0.879, 104.04, 70.83, 0.006, 7.29, -9.72);
insert into SHOT values (10, 3, 10, 22, 0.580, 132.44, 52.00, 0.585, 131.63, 51.86, 0.007, 81.41, 24.23);
insert into SHOT values (11, 3, 11, 22, 0.470, 125.04, 26.70, 0.473, 124.44, 26.33, 0.006, 80.04, -10.56);
insert into SHOT values (12, 3, 12, 22, 0.600, 123.14, -0.80, 0.602, 122.11, -0.95, 0.011, 43.75, -8.33);
insert into SHOT values (13, 3, 13, 22, 1.020, 120.74, -34.70, 1.020, 120.85, -34.67, 0.002, 209.17, 23.67);
insert into SHOT values (14, 3, 14, 22, 1.160, 99.94, -62.30, 1.166, 99.46, -62.01, 0.010, 70.73, -17.37);
insert into SHOT values (15, 3, 15, 22, 1.150, 34.84, -77.40, 1.149, 35.54, -77.02, 0.008, 58.37, 16.38);
insert into SHOT values (16, 3, 16, 22, 1.180, 317.04, -54.20, 1.184, 317.34, -54.15, 0.006, 4.39, -31.29);
insert into SHOT values (17, 3, 17, 22, 0.510, 317.44, -8.00, 0.515, 318.18, -7.82, 0.008, 11.11, 6.85);
insert into SHOT values (18, 3, 18, 22, 4.910, 68.94, -12.20, 4.881, 68.33, -12.42, 0.062, 306.27, -11.61);
insert into SHOT values (19, 18, 3, 22, 4.850, 247.84, 12.70, 4.881, 248.33, 12.42, 0.056, 296.93, -16.78);
insert into SHOT_FLAG values(19, 'dpl');
insert into SHOT values (20, 18, 19, 22, 4.840, 249.14, 13.10, 4.834, 249.10, 13.03, 0.009, 107.54, -52.37);
insert into SHOT values (21, 18, 20, 22, 0.400, 136.54, 1.60, 0.403, 136.01, 1.42, 0.005, 87.21, -13.18);
insert into SHOT values (22, 18, 21, 22, 0.710, 141.04, 31.00, 0.709, 140.31, 30.52, 0.010, 66.17, -35.22);
insert into SHOT values (23, 18, 22, 22, 1.210, 136.44, 70.30, 1.214, 135.97, 69.90, 0.010, 116.27, 4.71);
insert into SHOT values (24, 18, 23, 22, 2.080, 62.14, 85.10, 2.078, 63.43, 85.06, 0.005, 135.93, -29.72);
insert into SHOT values (25, 18, 24, 22, 1.740, 329.54, 73.40, 1.742, 329.83, 73.41, 0.004, 52.84, 45.47);
insert into SHOT values (26, 18, 25, 22, 0.860, 331.94, 45.30, 0.855, 332.15, 45.50, 0.006, 130.25, -12.26);
insert into SHOT values (27, 18, 26, 22, 0.630, 327.14, 9.20, 0.624, 327.60, 9.22, 0.008, 108.02, -5.32);
insert into SHOT values (28, 18, 27, 22, 0.300, 322.14, -25.70, 0.294, 322.70, -26.22, 0.007, 120.21, 0.82);
insert into SHOT values (29, 18, 28, 22, 0.830, 245.94, -68.10, 0.830, 245.10, -68.15, 0.005, 144.72, 1.28);
insert into SHOT values (30, 18, 29, 22, 0.450, 141.14, 8.70, 0.454, 141.34, 8.88, 0.004, 165.59, 27.40);
insert into SHOT values (31, 18, 30, 22, 2.930, 17.94, -9.60, 2.932, 17.93, -9.62, 0.002, 359.82, -41.60);
insert into SHOT_FLAG values(31, 'srf');
insert into SHOT values (32, 18, 31, 22, 2.930, 17.24, -11.00, 2.935, 17.37, -11.00, 0.008, 67.38, -6.58);
insert into SHOT values (33, 18, 32, 22, 2.930, 19.44, -10.60, 2.925, 19.51, -10.64, 0.006, 166.92, -9.80);
insert into SHOT values (34, 18, 33, 22, 4.530, 45.74, -17.10, 4.534, 45.28, -17.06, 0.035, 323.45, 3.25);
insert into SHOT values (35, 33, 18, 22, 4.530, 224.84, 16.90, 4.534, 225.28, 17.06, 0.036, 314.63, 21.62);
insert into SHOT_FLAG values(35, 'dpl');
insert into SHOT values (36, 33, 34, 22, 4.540, 226.84, 17.50, 4.548, 226.78, 17.53, 0.010, 189.74, 29.47);
insert into SHOT values (37, 33, 35, 22, 4.540, 224.74, 16.70, 4.542, 224.72, 16.76, 0.006, 142.89, 72.26);
insert into SHOT values (38, 33, 36, 22, 0.560, 303.14, 3.90, 0.559, 302.55, 4.10, 0.006, 201.88, 18.00);
insert into SHOT values (39, 33, 37, 22, 1.990, 316.64, 25.30, 1.981, 316.58, 25.41, 0.010, 147.50, -2.63);
insert into SHOT values (40, 33, 38, 22, 2.300, 335.54, 55.10, 2.298, 335.59, 55.34, 0.010, 148.53, 21.61);
insert into SHOT values (41, 33, 39, 22, 2.720, 22.44, 75.30, 2.718, 23.20, 75.39, 0.010, 140.72, -5.39);
insert into SHOT values (42, 33, 40, 22, 2.400, 123.64, 56.50, 2.404, 123.69, 56.30, 0.010, 130.29, -7.97);
insert into SHOT values (43, 33, 41, 22, 1.250, 144.54, 24.40, 1.253, 144.64, 24.51, 0.005, 187.26, 52.53);
insert into SHOT values (44, 33, 42, 22, 1.320, 145.44, -25.00, 1.321, 145.52, -24.60, 0.009, 163.45, 57.75);
insert into SHOT values (45, 33, 43, 22, 0.810, 82.34, -77.70, 0.808, 83.29, -77.77, 0.003, 198.76, 24.00);
insert into SHOT values (46, 33, 44, 22, 0.480, 293.44, 16.00, 0.478, 293.20, 17.03, 0.009, 137.03, 57.67);
insert into SHOT values (47, 33, 45, 22, 4.770, 84.94, -0.10, 4.760, 84.70, -0.12, 0.023, 329.68, -4.23);
insert into SHOT values (48, 45, 33, 22, 4.750, 264.44, 0.30, 4.760, 264.70, 0.12, 0.028, 328.18, -32.33);
insert into SHOT_FLAG values(48, 'dpl');
insert into SHOT values (49, 45, 46, 22, 0.820, 126.34, 51.60, 0.821, 127.09, 51.23, 0.009, 181.87, -17.86);
insert into SHOT values (50, 45, 47, 22, 1.940, 136.74, 83.90, 1.941, 136.97, 83.93, 0.002, 276.20, 37.61);
insert into SHOT values (51, 45, 48, 22, 1.750, 312.34, 62.30, 1.748, 311.99, 62.49, 0.008, 170.97, 4.00);
insert into SHOT values (52, 45, 49, 22, 0.900, 306.24, 20.90, 0.897, 305.78, 20.90, 0.007, 194.97, -8.26);
insert into SHOT values (53, 45, 50, 22, 0.810, 301.34, -35.30, 0.806, 301.26, -35.66, 0.006, 130.02, -17.86);
insert into SHOT values (54, 45, 51, 22, 0.750, 188.14, -71.70, 0.760, 187.13, -71.43, 0.011, 154.00, -46.01);
insert into SHOT values (55, 45, 52, 22, 0.580, 129.84, 26.00, 0.581, 130.36, 25.46, 0.007, 182.44, -35.27);
insert into SHOT values (56, 45, 53, 22, 5.100, 18.94, -2.80, 5.069, 18.54, -2.83, 0.047, 247.54, -1.05);
insert into SHOT values (57, 53, 54, 22, 0.640, 320.24, 0.70, 0.647, 320.65, 0.89, 0.008, 354.81, 15.14);
insert into SHOT values (58, 53, 45, 22, 5.050, 197.94, 2.80, 5.069, 198.54, 2.83, 0.056, 268.62, 3.37);
insert into SHOT_FLAG values(58, 'dpl');
insert into SHOT values (59, 53, 55, 22, 0.810, 320.04, 33.50, 0.816, 319.76, 33.45, 0.007, 289.90, 23.90);
insert into SHOT values (60, 53, 56, 22, 1.850, 348.34, 83.70, 1.852, 345.96, 83.61, 0.009, 277.48, 7.37);
insert into SHOT values (61, 53, 57, 22, 2.480, 88.44, 66.00, 2.472, 88.28, 66.12, 0.010, 287.27, -32.65);
insert into SHOT values (62, 53, 58, 22, 1.940, 114.14, 40.90, 1.934, 114.28, 41.04, 0.008, 268.31, -1.40);
insert into SHOT values (63, 53, 59, 22, 1.850, 113.94, 14.90, 1.843, 113.83, 14.78, 0.009, 324.45, -39.93);
insert into SHOT values (64, 53, 60, 22, 1.290, 89.24, 82.20, 1.291, 86.63, 82.42, 0.009, 326.66, 11.88);
insert into SHOT values (65, 53, 61, 22, 2.440, 113.24, 64.40, 2.435, 113.13, 64.62, 0.011, 304.77, -2.54);
insert into SHOT values (66, 53, 62, 22, 1.970, 129.04, 47.10, 1.965, 128.93, 47.13, 0.006, 341.96, -32.10);
insert into SHOT values (67, 53, 63, 22, 1.750, 127.64, 15.50, 1.747, 127.76, 15.61, 0.006, 269.16, 23.72);
insert into SHOT values (68, 53, 64, 22, 1.740, 129.44, -2.10, 1.735, 129.38, -1.98, 0.007, 328.97, 34.45);
insert into SHOT values (69, 53, 65, 22, 1.690, 124.44, -27.80, 1.686, 124.33, -27.94, 0.006, 332.58, -16.21);
insert into SHOT values (70, 53, 66, 22, 1.640, 117.84, -53.30, 1.638, 117.62, -53.67, 0.011, 319.44, -26.49);
insert into SHOT values (71, 53, 67, 22, 4.780, 81.34, -0.30, 4.779, 80.97, -0.36, 0.031, 349.83, -9.11);
insert into SHOT values (72, 67, 53, 22, 4.780, 260.74, 0.50, 4.779, 260.97, 0.36, 0.022, 352.67, -31.58);
insert into SHOT values (73, 67, 68, 22, 1.200, 256.84, 73.90, 1.199, 256.37, 73.55, 0.008, 234.48, -21.85);
insert into SHOT values (74, 67, 69, 22, 2.630, 304.64, 62.00, 2.629, 304.46, 61.93, 0.005, 245.79, -25.10);
insert into SHOT values (75, 67, 70, 22, 2.000, 324.14, 41.20, 1.995, 324.20, 41.05, 0.008, 76.16, -78.36);
insert into SHOT values (76, 67, 71, 22, 1.920, 321.24, 9.60, 1.918, 321.01, 9.60, 0.008, 217.90, -1.41);
insert into SHOT values (77, 67, 72, 22, 1.800, 320.54, -14.10, 1.802, 320.57, -14.13, 0.003, 344.88, -34.60);
insert into SHOT values (78, 67, 73, 22, 1.590, 320.54, -31.20, 1.596, 320.36, -31.33, 0.009, 269.19, -48.02);
insert into SHOT values (79, 67, 74, 22, 1.370, 306.54, -65.20, 1.375, 306.47, -65.41, 0.007, 142.15, -66.67);
insert into SHOT values (80, 67, 75, 22, 1.960, 346.84, -6.40, 1.965, 346.68, -6.43, 0.008, 296.72, -11.56);
insert into SHOT_FLAG values(80, 'srf');
insert into SHOT values (81, 67, 76, 22, 4.540, 30.84, -5.10, 4.544, 30.70, -5.30, 0.020, 311.81, -55.59);
insert into SHOT values (82, 76, 67, 22, 4.550, 210.74, 5.30, 4.544, 210.70, 5.30, 0.007, 57.03, -2.31);
insert into SHOT_FLAG values(82, 'dpl');
insert into SHOT values (83, 76, 77, 22, 1.140, 28.74, 79.50, 1.139, 29.05, 79.58, 0.002, 177.40, -22.92);
insert into SHOT values (84, 76, 78, 22, 2.300, 91.64, 74.70, 2.302, 91.88, 74.63, 0.004, 127.88, 19.73);
insert into SHOT values (85, 76, 79, 22, 1.980, 136.84, 32.50, 1.989, 136.69, 32.55, 0.010, 103.22, 37.57);
insert into SHOT values (86, 76, 80, 22, 1.700, 131.54, 11.70, 1.708, 131.61, 11.83, 0.009, 146.01, 35.95);
insert into SHOT values (87, 76, 81, 22, 1.660, 133.24, -8.40, 1.666, 133.28, -8.28, 0.007, 142.92, 21.95);
insert into SHOT values (88, 76, 82, 22, 1.380, 129.44, -27.90, 1.386, 129.39, -27.50, 0.011, 122.41, 30.73);
insert into SHOT values (89, 76, 83, 22, 1.580, 124.64, -47.20, 1.584, 124.43, -47.07, 0.007, 87.87, -5.92);
insert into SHOT values (90, 76, 84, 22, 5.270, 67.64, -8.40, 5.258, 67.28, -8.20, 0.040, 321.28, 29.92);
insert into SHOT values (91, 84, 76, 22, 5.240, 246.84, 8.00, 5.258, 247.28, 8.20, 0.047, 316.46, 26.17);
insert into SHOT_FLAG values(91, 'dpl');
insert into SHOT values (92, 84, 85, 22, 2.370, 302.54, 76.00, 2.370, 302.86, 76.05, 0.004, 64.71, 6.18);
insert into SHOT values (93, 84, 86, 22, 2.110, 309.24, 36.60, 2.109, 309.24, 36.68, 0.003, 130.07, 38.22);
insert into SHOT values (94, 84, 87, 22, 1.870, 319.14, 11.50, 1.868, 318.99, 11.74, 0.009, 191.86, 49.66);
insert into SHOT values (95, 84, 88, 22, 1.550, 316.14, -14.90, 1.549, 316.08, -14.58, 0.009, 267.90, 75.73);
insert into SHOT values (96, 84, 89, 22, 1.760, 308.84, -46.00, 1.756, 309.03, -45.86, 0.007, 35.02, 57.09);
insert into SHOT values (97, 84, 90, 22, 1.690, 300.54, -51.70, 1.683, 300.49, -51.65, 0.007, 137.50, 63.70);
insert into SHOT values (98, 84, 91, 22, 3.630, 52.54, -2.20, 3.624, 52.40, -1.90, 0.022, 292.96, 62.17);
insert into SHOT values (99, 91, 84, 22, 3.620, 232.24, 1.70, 3.624, 232.40, 1.90, 0.017, 301.24, 49.41);
insert into SHOT_FLAG values(99, 'dpl');
insert into SHOT values (100, 91, 92, 22, 1.620, 56.84, 72.80, 1.622, 56.98, 72.89, 0.003, 207.52, 47.25);
insert into SHOT values (101, 91, 93, 22, 1.950, 100.94, 70.90, 1.949, 100.78, 70.78, 0.005, 72.28, -35.59);
insert into SHOT values (102, 91, 94, 22, 1.980, 137.14, 42.90, 1.981, 136.96, 42.95, 0.005, 46.79, 24.62);
insert into SHOT values (103, 91, 95, 22, 1.190, 140.84, 15.90, 1.191, 141.03, 16.08, 0.005, 226.31, 47.16);
insert into SHOT values (104, 91, 96, 22, 1.160, 139.14, -18.90, 1.159, 139.06, -18.61, 0.006, 88.43, 70.17);
insert into SHOT values (105, 91, 97, 22, 1.510, 138.44, -36.70, 1.509, 138.68, -36.60, 0.006, 217.63, 25.26);
insert into SHOT values (106, 91, 98, 22, 1.560, 142.84, -58.00, 1.558, 142.85, -57.90, 0.003, 149.23, 65.54);
insert into SHOT values (107, 91, 99, 22, 3.180, 61.44, -7.20, 3.182, 61.00, -7.40, 0.027, 333.06, -25.03);
insert into SHOT values (108, 99, 91, 22, 3.180, 240.64, 7.50, 3.182, 241.00, 7.40, 0.020, 322.35, -14.39);
insert into SHOT_FLAG values(108, 'dpl');
insert into SHOT values (109, 99, 100, 22, 0.380, 249.54, 72.30, 0.388, 250.02, 72.45, 0.008, 282.20, 77.34);
insert into SHOT values (110, 99, 101, 22, 0.890, 270.24, 55.50, 0.893, 270.00, 55.95, 0.008, 117.55, 54.70);
insert into SHOT values (111, 99, 102, 22, 1.320, 273.04, 21.50, 1.325, 272.79, 21.70, 0.009, 214.57, 44.58);
insert into SHOT values (112, 99, 103, 22, 1.330, 280.24, 12.00, 1.330, 280.19, 12.15, 0.004, 171.37, 68.76);
insert into SHOT values (113, 99, 104, 22, 1.210, 274.44, -8.20, 1.205, 274.33, -8.11, 0.006, 124.56, 27.81);
insert into SHOT values (114, 99, 105, 22, 1.500, 268.94, -37.10, 1.500, 268.57, -36.86, 0.010, 205.77, 28.66);
insert into SHOT values (115, 99, 106, 22, 1.130, 263.84, -51.50, 1.127, 263.48, -51.32, 0.006, 187.71, 43.41);
insert into SHOT values (116, 99, 107, 22, 4.280, 5.74, 3.20, 4.258, 5.67, 3.23, 0.023, 199.19, 2.68);
insert into SHOT values (117, 107, 99, 22, 4.250, 185.64, -3.20, 4.258, 185.67, -3.23, 0.008, 200.95, -19.71);
insert into SHOT_FLAG values(117, 'dpl');
insert into SHOT values (118, 107, 108, 22, 2.140, 118.44, -29.50, 2.137, 118.22, -29.43, 0.008, 17.68, 26.91);
insert into SHOT values (119, 107, 109, 22, 2.030, 121.84, 1.00, 2.035, 121.74, 1.13, 0.007, 81.63, 38.03);
insert into SHOT values (120, 107, 110, 22, 1.760, 118.74, 38.40, 1.763, 118.61, 38.59, 0.008, 11.19, 63.75);
insert into SHOT values (121, 107, 111, 22, 1.370, 119.54, 45.50, 1.374, 119.23, 45.51, 0.006, 52.93, 26.28);
insert into SHOT values (122, 107, 112, 22, 0.340, 114.34, 75.80, 0.341, 110.56, 75.48, 0.006, 42.48, 3.74);
insert into SHOT values (123, 107, 113, 22, 2.420, 94.44, -0.60, 2.417, 94.27, -0.47, 0.010, 340.81, 34.07);
insert into SHOT_FLAG values(123, 'srf');
insert into SHOT values (124, 107, 114, 22, 2.280, 68.14, -24.20, 2.295, 67.59, -23.90, 0.028, 20.94, 9.51);
insert into SHOT values (125, 114, 107, 22, 2.310, 247.24, 23.70, 2.295, 247.59, 23.90, 0.021, 30.03, 4.08);
insert into SHOT_FLAG values(125, 'dpl');
insert into SHOT values (126, 114, 115, 22, 2.300, 249.14, 24.60, 2.299, 248.96, 24.68, 0.007, 142.28, 20.38);
insert into SHOT values (127, 114, 116, 22, 1.710, 267.24, 11.90, 1.702, 267.59, 12.55, 0.023, 47.18, 48.43);
insert into SHOT values (128, 116, 114, 22, 1.700, 87.64, -13.20, 1.702, 87.59, -12.55, 0.019, 72.99, 70.05);
insert into SHOT_FLAG values(128, 'dpl');
insert into SHOT values (129, 116, 117, 22, 3.430, 342.44, -1.80, 3.421, 342.47, -1.84, 0.010, 154.17, -13.30);
insert into SHOT values (130, 117, 118, 22, 3.410, 345.24, -1.90, 3.415, 345.23, -1.85, 0.006, 336.35, 33.13);
insert into SHOT values (131, 117, 119, 22, 0.350, 61.34, 81.00, 0.354, 53.13, 81.87, 0.010, 294.95, 25.90);
insert into SHOT values (132, 117, 120, 22, 0.440, 260.34, 81.80, 0.446, 261.87, 80.87, 0.009, 273.71, 28.90);
insert into SHOT values (133, 117, 121, 22, 0.510, 253.44, 47.20, 0.518, 255.17, 47.21, 0.013, 318.08, 26.25);
insert into SHOT values (134, 117, 122, 22, 0.710, 245.14, 31.30, 0.708, 245.56, 31.48, 0.005, 5.29, 12.77);
insert into SHOT values (135, 117, 123, 22, 1.020, 250.54, 7.30, 1.023, 251.03, 7.30, 0.009, 319.21, 2.44);
insert into SHOT values (136, 117, 124, 22, 0.690, 255.64, -19.00, 0.695, 255.96, -18.44, 0.009, 282.55, 29.63);
insert into SHOT values (137, 117, 125, 22, 0.420, 246.94, -49.60, 0.418, 248.20, -49.92, 0.007, 4.02, -1.33);
insert into SHOT values (138, 117, 126, 22, 2.260, 326.54, -3.00, 2.269, 326.52, -2.78, 0.012, 320.90, 42.27);
insert into SHOT values (139, 126, 127, 22, 0.660, 45.94, 44.90, 0.655, 46.74, 44.57, 0.009, 141.64, -42.15);
insert into SHOT values (140, 126, 128, 22, 0.630, 60.44, 77.90, 0.625, 63.43, 77.60, 0.009, 135.10, -39.58);
insert into SHOT values (141, 126, 129, 22, 0.740, 195.24, 80.40, 0.731, 194.04, 80.25, 0.010, 110.87, -74.80);
insert into SHOT values (142, 126, 130, 22, 0.690, 209.94, 60.60, 0.692, 209.54, 60.11, 0.007, 188.16, -9.85);
insert into SHOT values (143, 126, 131, 22, 0.940, 219.24, 27.50, 0.942, 219.19, 27.14, 0.006, 210.80, -39.23);
insert into SHOT values (144, 126, 132, 22, 0.980, 226.24, 8.70, 0.979, 226.25, 8.22, 0.008, 264.71, -87.83);
insert into SHOT values (145, 126, 133, 22, 0.380, 229.04, -5.60, 0.377, 228.24, -6.08, 0.007, 110.55, -25.99);
insert into SHOT values (146, 126, 134, 22, 2.760, 300.64, 16.70, 2.752, 300.55, 16.68, 0.009, 149.05, -19.84);
insert into SHOT values (147, 134, 135, 22, 0.510, 51.54, 4.10, 0.513, 51.34, 3.35, 0.008, 24.50, -58.33);
insert into SHOT values (148, 134, 136, 22, 0.650, 39.44, 39.20, 0.650, 39.37, 39.10, 0.001, 359.18, -39.23);
insert into SHOT values (149, 134, 137, 22, 0.470, 77.64, 64.30, 0.468, 75.96, 63.86, 0.007, 8.05, -28.55);
insert into SHOT values (150, 134, 138, 22, 0.490, 200.74, 83.80, 0.493, 201.80, 83.73, 0.003, 247.89, 64.67);
insert into SHOT values (151, 134, 139, 22, 0.820, 223.84, 30.10, 0.817, 223.85, 30.10, 0.003, 40.19, -29.60);
insert into SHOT values (152, 134, 140, 22, 0.880, 229.44, 15.60, 0.882, 229.76, 15.12, 0.009, 280.34, -47.28);
insert into SHOT values (153, 134, 141, 22, 0.570, 233.64, 3.20, 0.567, 234.34, 3.03, 0.008, 347.23, -13.51);
insert into SHOT values (154, 134, 142, 22, 0.150, 238.14, -10.00, 0.151, 241.70, -11.49, 0.010, 330.38, -23.33);
insert into SHOT values (155, 134, 143, 22, 2.150, 304.54, 27.20, 2.155, 304.60, 27.05, 0.008, 319.48, -20.18);
insert into SHOT values (156, 134, 144, 22, 2.150, 304.14, 27.50, 2.150, 304.11, 27.42, 0.003, 257.43, -58.81);
insert into SHOT values (157, 144, 145, 22, 0.310, 254.64, -49.50, 0.309, 255.96, -48.13, 0.009, 299.52, 40.37);
insert into SHOT values (158, 144, 146, 22, 0.500, 312.54, -70.70, 0.500, 315.00, -70.15, 0.009, 12.00, 12.68);
insert into SHOT values (159, 144, 147, 22, 0.190, 50.84, 2.50, 0.192, 51.34, 2.98, 0.003, 87.17, 31.32);
insert into SHOT values (160, 144, 148, 22, 0.820, 40.74, -13.80, 0.824, 40.45, -13.34, 0.009, 2.25, 40.01);
insert into SHOT values (161, 144, 149, 22, 0.520, 36.04, -22.00, 0.516, 35.68, -21.59, 0.006, 272.44, 52.44);
insert into SHOT values (162, 144, 150, 22, 0.390, 39.44, -41.50, 0.391, 38.05, -41.68, 0.007, 308.49, -12.50);
insert into SHOT values (163, 144, 151, 22, 0.470, 29.04, -66.70, 0.471, 27.90, -65.90, 0.008, 358.07, 12.59);
insert into SHOT values (164, 144, 152, 22, 0.560, 356.74, -79.40, 0.561, 354.81, -78.64, 0.008, 329.90, 3.07);
insert into SHOT values (165, 144, 153, 22, 1.620, 319.94, 2.50, 1.620, 320.01, 2.48, 0.002, 51.82, -18.50);
insert into SHOT values (166, 153, 154, 22, 1.610, 318.24, 2.50, 1.609, 318.28, 2.49, 0.001, 84.16, -10.70);
insert into SHOT values (167, 153, 155, 22, 1.630, 319.94, 2.90, 1.634, 319.97, 2.81, 0.005, 329.42, -28.03);
insert into SHOT values (168, 153, 156, 22, 0.420, 203.04, 79.70, 0.417, 203.20, 79.48, 0.003, 214.08, -71.51);
insert into SHOT values (169, 153, 157, 22, 0.370, 218.54, 47.80, 0.374, 220.10, 48.42, 0.009, 310.52, 41.14);
insert into SHOT values (170, 153, 158, 22, 0.500, 225.44, 12.20, 0.500, 225.83, 12.70, 0.006, 328.49, 52.02);
insert into SHOT values (171, 153, 159, 22, 0.180, 228.74, -7.60, 0.179, 231.84, -6.41, 0.010, 322.51, 21.53);
insert into SHOT values (172, 153, 160, 22, 0.300, 102.24, -70.60, 0.295, 102.53, -71.77, 0.008, 278.71, 21.67);
insert into SHOT values (173, 153, 161, 22, 0.280, 57.84, -8.90, 0.277, 56.89, -8.29, 0.006, 303.43, 33.46);
insert into SHOT values (174, 153, 162, 22, 0.610, 58.44, 26.00, 0.607, 57.77, 26.41, 0.008, 293.11, 18.36);
insert into SHOT values (175, 153, 163, 22, 0.490, 75.14, 61.10, 0.491, 75.38, 61.07, 0.002, 122.99, 37.73);
insert into SHOT values (176, 153, 164, 22, 3.910, 322.84, 23.70, 3.913, 322.94, 23.66, 0.007, 20.50, -12.90);
insert into SHOT values (177, 164, 165, 22, 0.500, 164.84, 85.60, 0.502, 165.96, 85.29, 0.003, 180.57, 26.35);
insert into SHOT values (178, 164, 166, 22, 0.490, 223.14, 45.50, 0.493, 223.83, 45.28, 0.005, 276.60, 5.59);
insert into SHOT values (179, 164, 167, 22, 0.450, 239.14, -21.70, 0.451, 238.57, -20.77, 0.009, 190.95, 48.47);
insert into SHOT values (180, 164, 168, 22, 0.420, 245.04, -27.90, 0.421, 244.80, -26.82, 0.008, 225.78, 53.39);
insert into SHOT values (181, 164, 169, 22, 0.810, 50.94, 26.00, 0.809, 50.60, 26.42, 0.007, 283.49, 41.94);
insert into SHOT values (182, 164, 170, 22, 0.520, 60.84, 52.30, 0.513, 60.95, 53.01, 0.009, 237.38, -8.93);
insert into SHOT values (183, 164, 171, 22, 0.500, 105.84, 77.50, 0.501, 106.70, 77.97, 0.005, 263.67, 24.13);
insert into SHOT values (184, 164, 172, 22, 5.360, 304.94, 20.90, 5.363, 305.25, 20.98, 0.028, 33.62, 16.62);
insert into SHOT values (185, 172, 164, 22, 5.360, 125.74, -21.00, 5.363, 125.25, -20.98, 0.044, 40.78, 1.12);
insert into SHOT_FLAG values(185, 'dpl');
insert into SHOT values (186, 172, 173, 22, 5.120, 304.14, 28.50, 5.103, 304.01, 28.44, 0.021, 165.45, -39.34);
insert into SHOT values (187, 172, 174, 22, 1.370, 261.34, 81.10, 1.367, 261.87, 81.07, 0.004, 346.37, -60.81);
insert into SHOT values (188, 172, 175, 22, 2.180, 354.64, 78.30, 2.175, 354.81, 78.28, 0.005, 96.52, -74.77);
insert into SHOT values (189, 172, 176, 22, 1.720, 16.54, 47.40, 1.725, 16.42, 47.41, 0.006, 339.34, 42.72);
insert into SHOT values (190, 172, 177, 22, 1.910, 27.74, 30.50, 1.915, 27.81, 30.44, 0.005, 48.41, 6.56);
insert into SHOT values (191, 172, 178, 22, 1.910, 30.84, 8.20, 1.916, 30.76, 8.10, 0.007, 6.46, -19.26);
insert into SHOT values (192, 172, 179, 22, 1.570, 28.44, -9.00, 1.577, 28.38, -9.12, 0.008, 12.48, -33.42);
insert into SHOT values (193, 172, 180, 22, 1.660, 32.34, -28.90, 1.662, 32.38, -28.78, 0.004, 49.03, 33.97);
insert into SHOT values (194, 172, 181, 22, 0.910, 13.64, -51.80, 0.915, 13.30, -51.87, 0.006, 318.81, -49.53);
insert into SHOT values (195, 173, 172, 22, 5.090, 123.94, -28.40, 5.103, 124.01, -28.44, 0.015, 150.79, -38.49);
insert into SHOT_FLAG values(195, 'dpl');
insert into SHOT values (196, 173, 182, 22, 5.090, 126.14, -28.60, 5.085, 126.07, -28.55, 0.009, 10.98, 47.98);
insert into SHOT values (197, 173, 183, 22, 5.110, 124.14, -28.50, 5.113, 124.11, -28.50, 0.004, 81.65, -27.46);
insert into SHOT values (198, 173, 184, 22, 0.980, 69.34, 79.20, 0.977, 67.62, 79.16, 0.006, 340.70, -25.53);
insert into SHOT values (199, 173, 185, 22, 1.480, 188.54, 79.00, 1.475, 188.43, 79.34, 0.010, 11.89, -16.52);
insert into SHOT values (200, 173, 186, 22, 3.230, 218.94, 57.10, 3.225, 218.97, 57.16, 0.006, 31.12, -20.30);
insert into SHOT values (201, 173, 187, 22, 2.640, 223.04, 42.50, 2.644, 223.13, 42.62, 0.007, 329.52, 65.59);
insert into SHOT values (202, 173, 188, 22, 2.670, 228.34, 30.00, 2.664, 228.35, 30.20, 0.011, 47.71, 25.96);
insert into SHOT values (203, 173, 189, 22, 2.370, 235.24, 7.80, 2.366, 235.43, 7.77, 0.009, 354.19, -10.74);
insert into SHOT values (204, 173, 190, 22, 1.030, 238.54, -4.50, 1.022, 238.65, -4.49, 0.008, 45.27, 5.58);
insert into SHOT values (205, 173, 191, 22, 0.330, 250.24, -25.40, 0.329, 250.35, -25.21, 0.002, 35.76, 58.58);
insert into SHOT values (206, 173, 192, 22, 0.190, 249.74, -37.70, 0.185, 250.35, -36.50, 0.007, 26.77, 69.65);
insert into SHOT values (207, 173, 193, 22, 2.730, 140.34, -20.20, 2.730, 140.22, -20.14, 0.006, 63.02, 25.85);
insert into SHOT_FLAG values(207, 'srf');
insert into SHOT values (208, 173, 194, 22, 2.750, 142.24, -20.50, 2.746, 142.11, -20.47, 0.008, 23.08, 23.48);
insert into SHOT values (209, 173, 195, 22, 2.760, 139.44, -20.60, 2.758, 139.40, -20.59, 0.003, 3.62, 20.73);
insert into SHOT values (210, 173, 196, 22, 9.940, 304.34, 26.00, 9.950, 305.09, 25.80, 0.122, 22.97, -12.93);
insert into SHOT values (211, 196, 173, 22, 9.960, 125.74, -25.60, 9.950, 125.09, -25.80, 0.108, 22.21, -14.16);
insert into SHOT_FLAG values(211, 'dpl');
insert into SHOT values (212, 196, 197, 22, 3.370, 345.94, 6.60, 3.372, 346.01, 6.64, 0.005, 50.27, 33.38);
insert into SHOT_FLAG values(212, 'dpl');
insert into SHOT values (213, 196, 198, 22, 3.420, 349.24, 5.70, 3.418, 349.15, 5.71, 0.006, 235.75, 3.20);
insert into SHOT values (214, 196, 199, 22, 5.450, 151.84, 77.70, 5.456, 151.90, 77.64, 0.008, 161.55, 37.17);
insert into SHOT values (215, 196, 200, 22, 5.280, 64.64, 60.00, 5.284, 64.60, 60.09, 0.009, 263.94, 52.41);
insert into SHOT values (216, 196, 201, 22, 8.130, 61.04, 44.60, 8.127, 61.04, 44.64, 0.006, 242.40, 14.63);
insert into SHOT values (217, 196, 202, 22, 3.610, 60.94, 25.00, 3.612, 60.93, 25.06, 0.004, 1.47, 77.47);
insert into SHOT values (218, 196, 203, 22, 2.610, 63.14, -6.70, 2.607, 63.14, -6.61, 0.005, 247.69, 58.33);
insert into SHOT values (219, 196, 204, 22, 2.560, 64.04, -41.30, 2.560, 64.10, -41.31, 0.002, 156.64, -11.44);
insert into SHOT values (220, 196, 205, 22, 0.420, 180.74, -20.50, 0.414, 181.47, -19.74, 0.009, 304.52, 50.01);
insert into SHOT values (221, 196, 206, 22, 0.890, 348.64, -21.40, 0.885, 348.83, -21.18, 0.006, 127.23, 49.91);
insert into SHOT values (222, 196, 207, 22, 0.660, 324.44, -25.60, 0.657, 323.90, -25.24, 0.008, 222.55, 42.07);
insert into SHOT values (223, 197, 208, 22, 6.540, 273.64, 1.60, 6.545, 273.68, 1.40, 0.024, 308.72, -71.92);
insert into SHOT values (224, 197, 209, 22, 2.680, 184.44, 67.60, 2.683, 184.48, 67.58, 0.003, 206.19, 47.85);
insert into SHOT values (225, 197, 210, 22, 2.790, 196.64, 43.70, 2.797, 196.65, 43.63, 0.008, 197.18, 17.43);
insert into SHOT values (226, 197, 211, 22, 1.590, 205.14, -19.50, 1.594, 205.20, -19.42, 0.005, 224.84, 9.44);
insert into SHOT values (227, 197, 212, 22, 2.600, 203.94, -24.50, 2.607, 203.86, -24.47, 0.008, 178.91, -13.16);
insert into SHOT values (228, 197, 213, 22, 2.550, 202.84, -45.40, 2.554, 202.99, -45.44, 0.007, 270.77, -41.37);
insert into SHOT values (229, 197, 214, 22, 2.020, 204.64, -59.10, 2.022, 204.85, -58.82, 0.011, 226.33, 17.69);
insert into SHOT values (230, 197, 215, 22, 1.890, 210.34, -70.90, 1.897, 210.65, -70.68, 0.011, 230.38, -22.36);
insert into SHOT values (231, 208, 197, 22, 6.540, 93.74, -1.20, 6.545, 93.68, -1.40, 0.025, 38.19, -69.30);
insert into SHOT_FLAG values(231, 'dpl');
insert into SHOT values (232, 208, 216, 22, 5.480, 38.54, 85.10, 5.480, 38.85, 85.16, 0.006, 195.24, 0.25);
insert into SHOT values (233, 208, 217, 22, 3.140, 28.14, 66.50, 3.139, 28.21, 66.57, 0.004, 188.01, 6.03);
insert into SHOT values (234, 208, 218, 22, 1.100, 30.04, 33.20, 1.093, 30.21, 33.28, 0.007, 186.88, -18.76);
insert into SHOT values (235, 208, 219, 22, 0.810, 40.44, -1.50, 0.808, 40.99, -1.42, 0.008, 142.78, 8.73);
insert into SHOT values (236, 208, 220, 22, 1.000, 35.44, -27.00, 0.996, 35.84, -26.87, 0.008, 150.68, 30.54);
insert into SHOT values (237, 208, 221, 22, 1.430, 21.24, -49.40, 1.429, 21.57, -49.69, 0.009, 159.08, -28.25);
insert into SHOT values (238, 208, 222, 22, 1.450, 355.44, -66.00, 1.443, 355.07, -66.20, 0.010, 201.68, 28.62);
insert into SHOT values (239, 208, 223, 22, 7.500, 317.14, 30.50, 7.529, 317.87, 30.31, 0.090, 23.15, -4.15);
insert into SHOT values (240, 223, 208, 22, 7.560, 138.54, -30.10, 7.529, 137.87, -30.31, 0.087, 20.00, -5.63);
insert into SHOT_FLAG values(240, 'dpl');
insert into SHOT values (241, 223, 224, 22, 2.930, 217.54, 46.60, 2.934, 217.55, 46.54, 0.005, 220.91, 12.84);
insert into SHOT values (242, 223, 225, 22, 1.780, 221.24, 22.00, 1.782, 221.32, 22.09, 0.004, 295.92, 55.53);
insert into SHOT values (243, 223, 226, 22, 3.130, 219.04, -24.30, 3.136, 219.04, -24.29, 0.006, 215.07, -20.08);
insert into SHOT values (244, 223, 227, 22, 2.300, 227.04, -48.40, 2.301, 227.12, -48.38, 0.002, 283.80, -1.48);
insert into SHOT values (245, 223, 228, 22, 1.920, 240.54, -74.90, 1.918, 240.40, -74.70, 0.007, 228.08, 31.56);
insert into SHOT values (246, 223, 229, 22, 6.370, 322.54, 35.90, 6.363, 323.02, 35.66, 0.051, 39.61, -29.74);
insert into SHOT values (247, 229, 223, 22, 6.350, 143.64, -35.40, 6.363, 143.02, -35.66, 0.065, 47.20, -29.13);
insert into SHOT_FLAG values(247, 'dpl');
insert into SHOT values (248, 229, 230, 22, 4.890, 71.04, 52.10, 4.887, 71.20, 51.98, 0.014, 122.74, -38.65);
insert into SHOT values (249, 229, 231, 22, 4.260, 80.64, 5.10, 4.263, 80.65, 4.98, 0.009, 87.84, -69.06);
insert into SHOT values (250, 229, 232, 22, 4.830, 68.44, -8.20, 4.831, 68.53, -8.21, 0.008, 149.97, -8.32);
insert into SHOT values (251, 229, 233, 22, 4.160, 64.64, -24.40, 4.165, 64.72, -24.39, 0.007, 110.36, -12.01);
insert into SHOT values (252, 229, 234, 22, 2.090, 54.74, -41.90, 2.094, 54.68, -41.97, 0.005, 352.52, -64.17);
insert into SHOT values (253, 229, 235, 22, 1.440, 48.24, -50.70, 1.445, 48.11, -50.80, 0.006, 351.62, -65.24);
insert into SHOT values (254, 229, 236, 22, 6.550, 18.34, 28.20, 6.536, 18.72, 27.52, 0.087, 76.05, -59.29);
insert into SHOT values (255, 236, 229, 22, 6.520, 198.94, -27.00, 6.536, 198.72, -27.52, 0.065, 79.62, -66.32);
insert into SHOT_FLAG values(255, 'dpl');
insert into SHOT values (256, 236, 237, 22, 1.340, 271.94, 0.20, 1.341, 271.71, 0.43, 0.008, 188.16, 44.13);
insert into SHOT values (257, 236, 238, 22, 1.050, 266.44, -21.90, 1.057, 265.91, -21.65, 0.012, 218.67, 7.62);
insert into SHOT values (258, 236, 239, 22, 3.420, 124.44, -29.70, 3.418, 124.44, -29.64, 0.004, 21.75, 87.29);
insert into SHOT values (259, 236, 240, 22, 2.990, 110.34, -49.90, 2.981, 110.42, -49.89, 0.009, 265.35, 50.69);
insert into SHOT values (260, 236, 241, 22, 1.240, 61.14, -75.00, 1.232, 61.82, -75.05, 0.009, 192.49, 57.11);
insert into SHOT values (261, 236, 242, 22, 0.940, 323.44, -46.50, 0.941, 323.13, -46.29, 0.005, 273.05, 21.90);
insert into SHOT values (262, 236, 243, 22, 1.390, 308.14, -4.80, 1.387, 307.95, -4.55, 0.008, 186.63, 48.80);
insert into SHOT values (263, 236, 244, 22, 3.430, 289.74, 33.20, 3.435, 289.51, 33.18, 0.013, 222.12, 8.24);
insert into SHOT values (264, 236, 245, 22, 5.010, 296.14, 63.40, 5.011, 295.88, 63.38, 0.010, 216.47, 1.57);
insert into SHOT values (265, 236, 246, 22, 1.130, 9.44, -75.80, 1.124, 8.43, -75.94, 0.008, 237.87, 40.23);
insert into SHOT_FLAG values(265, 'srf');
insert into SHOT values (266, 236, 247, 22, 8.500, 319.54, 37.40, 8.570, 319.71, 37.44, 0.073, 340.49, 40.58);
insert into SHOT values (267, 247, 236, 22, 8.630, 139.94, -37.40, 8.570, 139.71, -37.44, 0.067, 348.16, 28.33);
insert into SHOT_FLAG values(267, 'dpl');
insert into SHOT values (268, 247, 248, 22, 1.550, 62.94, 67.20, 1.540, 63.00, 67.27, 0.011, 236.73, -56.54);
insert into SHOT values (269, 247, 249, 22, 2.580, 93.94, 77.10, 2.574, 94.01, 77.18, 0.007, 265.14, -46.48);
insert into SHOT values (270, 247, 250, 22, 3.040, 171.74, 71.70, 3.036, 171.62, 71.56, 0.009, 151.45, -45.71);
insert into SHOT values (271, 247, 251, 22, 1.760, 196.84, 37.30, 1.757, 197.01, 37.10, 0.008, 269.67, -56.42);
insert into SHOT values (272, 247, 252, 22, 1.400, 204.84, 7.10, 1.402, 205.09, 6.97, 0.007, 276.37, -25.55);
insert into SHOT values (273, 247, 253, 22, 3.020, 201.24, -17.90, 3.021, 201.21, -17.93, 0.003, 139.29, -42.91);
insert into SHOT values (274, 247, 254, 22, 1.760, 203.14, -40.00, 1.766, 203.14, -40.21, 0.009, 202.34, -88.16);
insert into SHOT values (275, 247, 255, 22, 1.240, 199.04, -65.00, 1.247, 198.78, -64.95, 0.008, 168.00, -52.53);
insert into SHOT values (276, 247, 256, 22, 0.980, 195.84, -81.10, 0.982, 194.93, -80.91, 0.005, 161.44, -22.38);
insert into SHOT values (277, 247, 257, 22, 5.850, 296.44, 38.70, 5.867, 297.18, 39.10, 0.074, 38.89, 35.06);
insert into SHOT values (278, 257, 247, 22, 5.890, 118.14, -39.60, 5.867, 117.18, -39.10, 0.095, 38.51, 35.10);
insert into SHOT_FLAG values(278, 'dpl');
insert into SHOT values (279, 257, 258, 22, 2.910, 42.34, 70.60, 2.918, 42.51, 70.45, 0.012, 58.07, 26.38);
insert into SHOT values (280, 257, 259, 22, 1.860, 48.34, 42.20, 1.863, 48.23, 42.15, 0.004, 7.17, 8.15);
insert into SHOT values (281, 257, 260, 22, 1.810, 56.94, 17.20, 1.816, 56.77, 17.30, 0.008, 6.92, 34.66);
insert into SHOT values (282, 257, 261, 22, 2.000, 53.54, -11.60, 2.006, 53.48, -11.50, 0.008, 36.07, 16.63);
insert into SHOT values (283, 257, 262, 22, 1.840, 52.44, -33.00, 1.848, 52.32, -32.76, 0.012, 35.44, 10.52);
insert into SHOT values (284, 257, 263, 22, 2.160, 51.04, -51.00, 2.165, 50.95, -50.91, 0.006, 29.01, -12.61);
insert into SHOT values (285, 257, 264, 22, 1.830, 45.64, -63.70, 1.831, 45.50, -63.63, 0.003, 4.85, 10.28);
insert into SHOT values (286, 257, 265, 22, 1.530, 276.14, -79.40, 1.526, 278.13, -79.32, 0.011, 359.01, 21.49);
insert into SHOT values (287, 257, 266, 22, 7.230, 353.14, 20.90, 7.209, 353.78, 20.80, 0.079, 94.48, -14.07);
insert into SHOT values (288, 266, 257, 22, 7.180, 174.34, -20.70, 7.209, 173.78, -20.80, 0.073, 103.43, -17.52);
insert into SHOT_FLAG values(288, 'dpl');
insert into SHOT values (289, 266, 267, 22, 2.430, 83.14, 75.60, 2.426, 83.35, 75.58, 0.004, 179.84, -59.54);
insert into SHOT values (290, 266, 268, 22, 4.760, 102.54, 55.30, 4.760, 102.55, 55.23, 0.006, 107.17, -33.57);
insert into SHOT values (291, 266, 269, 22, 2.630, 104.44, 29.10, 2.634, 104.34, 29.08, 0.006, 55.51, 9.53);
insert into SHOT values (292, 266, 270, 22, 1.990, 97.64, -0.30, 1.987, 97.52, -0.29, 0.005, 333.82, 4.61);
insert into SHOT values (293, 266, 271, 22, 1.590, 87.04, -19.30, 1.593, 86.95, -19.43, 0.005, 27.64, -56.92);
insert into SHOT values (294, 266, 272, 22, 1.430, 89.34, -51.60, 1.431, 89.36, -51.53, 0.002, 95.83, 20.47);
insert into SHOT values (295, 266, 273, 22, 7.400, 198.44, 31.60, 7.407, 199.27, 31.68, 0.092, 288.66, 7.84);
insert into SHOT values (296, 273, 266, 22, 7.420, 20.14, -31.70, 7.407, 19.27, -31.68, 0.097, 283.82, 5.31);
insert into SHOT_FLAG values(296, 'dpl');
insert into SHOT values (297, 273, 274, 22, 4.210, 279.54, 8.80, 4.202, 280.26, 8.48, 0.057, 14.36, -24.89);
insert into SHOT values (298, 273, 275, 22, 1.170, 339.04, 17.50, 1.168, 338.96, 17.44, 0.003, 203.79, -39.39);
insert into SHOT values (299, 273, 276, 22, 1.140, 336.44, 14.60, 1.139, 336.46, 14.75, 0.003, 144.22, 59.70);
insert into SHOT values (300, 273, 277, 22, 1.490, 335.34, -8.60, 1.493, 335.17, -8.47, 0.006, 281.36, 27.09);
insert into SHOT values (301, 273, 278, 22, 2.120, 333.44, -33.40, 2.123, 333.15, -33.45, 0.010, 250.19, -17.85);
insert into SHOT values (302, 273, 279, 22, 1.650, 349.94, -65.70, 1.656, 349.85, -65.74, 0.007, 315.14, -71.88);
insert into SHOT values (303, 273, 280, 22, 1.100, 132.84, -77.20, 1.097, 135.00, -77.34, 0.010, 243.75, 15.38);
insert into SHOT values (304, 274, 273, 22, 4.190, 100.94, -8.30, 4.202, 100.26, -8.48, 0.053, 22.27, -16.59);
insert into SHOT_FLAG values(304, 'dpl');
insert into SHOT values (305, 274, 281, 22, 7.850, 222.44, 2.10, 7.848, 222.42, 2.12, 0.005, 103.66, 29.31);
insert into SHOT_FLAG values(305, 'srf');
insert into MAPS values (24, 0, '', NULL, 1, 158.650, -39.310);
 insert into MAPITEMS values (24, 4, 0);
 insert into SCRAPS values (0, 0, '', 1, 0.00000, 0.00000);
 insert into STATION values (1, '0', 20, 943942.42, 6561934.57, 1042.75);
insert into STATION values (2, 'cible_F', 20, 943944.73, 6561938.43, 1042.50);
insert into STATION values (3, '1', 20, 943947.47, 6561940.98, 1043.04);
insert into STATION values (4, '.', 20, 943947.15, 6561941.30, 1042.99);
insert into STATION values (5, '.', 20, 943947.18, 6561941.27, 1043.20);
insert into STATION values (6, '.', 20, 943947.05, 6561941.42, 1043.54);
insert into STATION values (7, '.', 20, 943947.18, 6561941.33, 1043.99);
insert into STATION values (8, '.', 20, 943947.57, 6561941.10, 1044.23);
insert into STATION values (9, '.', 20, 943947.75, 6561940.91, 1043.87);
insert into STATION values (10, '.', 20, 943947.74, 6561940.74, 1043.50);
insert into STATION values (11, '.', 20, 943947.82, 6561940.74, 1043.25);
insert into STATION values (12, '.', 20, 943947.98, 6561940.66, 1043.03);
insert into STATION values (13, '.', 20, 943948.19, 6561940.55, 1042.46);
insert into STATION values (14, '.', 20, 943948.01, 6561940.89, 1042.01);
insert into STATION values (15, '.', 20, 943947.62, 6561941.19, 1041.92);
insert into STATION values (16, '.', 20, 943947.00, 6561941.49, 1042.08);
insert into STATION values (17, '.', 20, 943947.13, 6561941.36, 1042.97);
insert into STATION values (18, '2', 20, 943951.90, 6561942.74, 1041.99);
insert into STATION values (19, '.', 20, 943947.50, 6561941.06, 1043.08);
insert into STATION values (20, '.', 20, 943952.18, 6561942.45, 1042.00);
insert into STATION values (21, '.', 20, 943952.29, 6561942.27, 1042.35);
insert into STATION values (22, '.', 20, 943952.19, 6561942.44, 1043.13);
insert into STATION values (23, '.', 20, 943952.06, 6561942.82, 1044.06);
insert into STATION values (24, '.', 20, 943951.65, 6561943.17, 1043.66);
insert into STATION values (25, '.', 20, 943951.62, 6561943.27, 1042.60);
insert into STATION values (26, '.', 20, 943951.57, 6561943.26, 1042.09);
insert into STATION values (27, '.', 20, 943951.74, 6561942.95, 1041.86);
insert into STATION values (28, '.', 20, 943951.62, 6561942.61, 1041.22);
insert into STATION values (29, '.', 20, 943952.18, 6561942.39, 1042.06);
insert into STATION values (30, 'cible_G', 20, 943952.79, 6561945.49, 1041.50);
insert into STATION values (31, '.', 20, 943952.76, 6561945.49, 1041.43);
insert into STATION values (32, '.', 20, 943952.86, 6561945.45, 1041.45);
insert into STATION values (33, '3', 20, 943954.98, 6561945.79, 1040.66);
insert into STATION values (34, '.', 20, 943951.82, 6561942.82, 1042.03);
insert into STATION values (35, '.', 20, 943951.92, 6561942.70, 1041.97);
insert into STATION values (36, '.', 20, 943954.51, 6561946.09, 1040.70);
insert into STATION values (37, '.', 20, 943953.75, 6561947.09, 1041.51);
insert into STATION values (38, '.', 20, 943954.44, 6561946.98, 1042.55);
insert into STATION values (39, '.', 20, 943955.25, 6561946.42, 1043.29);
insert into STATION values (40, '.', 20, 943956.09, 6561945.05, 1042.66);
insert into STATION values (41, '.', 20, 943955.64, 6561944.86, 1041.18);
insert into STATION values (42, '.', 20, 943955.66, 6561944.80, 1040.11);
insert into STATION values (43, '.', 20, 943955.15, 6561945.81, 1039.87);
insert into STATION values (44, '.', 20, 943954.56, 6561945.97, 1040.80);
insert into STATION values (45, '4', 20, 943959.72, 6561946.23, 1040.65);
insert into STATION values (46, '.', 20, 943960.13, 6561945.92, 1041.29);
insert into STATION values (47, '.', 20, 943959.86, 6561946.08, 1042.58);
insert into STATION values (48, '.', 20, 943959.12, 6561946.77, 1042.20);
insert into STATION values (49, '.', 20, 943959.04, 6561946.72, 1040.97);
insert into STATION values (50, '.', 20, 943959.16, 6561946.57, 1040.18);
insert into STATION values (51, '.', 20, 943959.69, 6561945.99, 1039.93);
insert into STATION values (52, '.', 20, 943960.12, 6561945.89, 1040.90);
insert into STATION values (53, '5', 20, 943961.33, 6561951.03, 1040.40);
insert into STATION values (54, '.', 20, 943960.92, 6561951.53, 1040.41);
insert into STATION values (55, '.', 20, 943960.89, 6561951.55, 1040.85);
insert into STATION values (56, '.', 20, 943961.28, 6561951.23, 1042.24);
insert into STATION values (57, '.', 20, 943962.33, 6561951.06, 1042.66);
insert into STATION values (58, '.', 20, 943962.66, 6561950.43, 1041.67);
insert into STATION values (59, '.', 20, 943962.96, 6561950.31, 1040.87);
insert into STATION values (60, '.', 20, 943961.50, 6561951.04, 1041.68);
insert into STATION values (61, '.', 20, 943962.29, 6561950.62, 1042.60);
insert into STATION values (62, '.', 20, 943962.37, 6561950.19, 1041.84);
insert into STATION values (63, '.', 20, 943962.66, 6561950.00, 1040.87);
insert into STATION values (64, '.', 20, 943962.67, 6561949.93, 1040.34);
insert into STATION values (65, '.', 20, 943962.56, 6561950.19, 1039.61);
insert into STATION values (66, '.', 20, 943962.19, 6561950.58, 1039.08);
insert into STATION values (67, '6', 20, 943966.05, 6561951.78, 1040.37);
insert into STATION values (68, '.', 20, 943965.72, 6561951.70, 1041.52);
insert into STATION values (69, '.', 20, 943965.03, 6561952.48, 1042.69);
insert into STATION values (70, '.', 20, 943965.17, 6561953.00, 1041.68);
insert into STATION values (71, '.', 20, 943964.86, 6561953.25, 1040.69);
insert into STATION values (72, '.', 20, 943964.94, 6561953.13, 1039.93);
insert into STATION values (73, '.', 20, 943965.18, 6561952.83, 1039.54);
insert into STATION values (74, '.', 20, 943965.59, 6561952.12, 1039.12);
insert into STATION values (75, 'cible_H', 20, 943965.60, 6561953.68, 1040.15);
insert into STATION values (76, '7', 20, 943968.36, 6561955.67, 1039.95);
insert into STATION values (77, '.', 20, 943968.46, 6561955.85, 1041.07);
insert into STATION values (78, '.', 20, 943968.97, 6561955.65, 1042.17);
insert into STATION values (79, '.', 20, 943969.51, 6561954.45, 1041.02);
insert into STATION values (80, '.', 20, 943969.61, 6561954.56, 1040.30);
insert into STATION values (81, '.', 20, 943969.56, 6561954.54, 1039.71);
insert into STATION values (82, '.', 20, 943969.31, 6561954.89, 1039.31);
insert into STATION values (83, '.', 20, 943969.25, 6561955.06, 1038.79);
insert into STATION values (84, '8', 20, 943973.16, 6561957.68, 1039.20);
insert into STATION values (85, '.', 20, 943972.68, 6561957.99, 1041.50);
insert into STATION values (86, '.', 20, 943971.85, 6561958.75, 1040.46);
insert into STATION values (87, '.', 20, 943971.96, 6561959.06, 1039.58);
insert into STATION values (88, '.', 20, 943972.12, 6561958.76, 1038.81);
insert into STATION values (89, '.', 20, 943972.21, 6561958.45, 1037.94);
insert into STATION values (90, '.', 20, 943972.26, 6561958.21, 1037.88);
insert into STATION values (91, '9', 20, 943976.03, 6561959.89, 1039.08);
insert into STATION values (92, '.', 20, 943976.43, 6561960.15, 1040.63);
insert into STATION values (93, '.', 20, 943976.66, 6561959.77, 1040.92);
insert into STATION values (94, '.', 20, 943977.02, 6561958.83, 1040.43);
insert into STATION values (95, '.', 20, 943976.75, 6561959.00, 1039.41);
insert into STATION values (96, '.', 20, 943976.75, 6561959.06, 1038.71);
insert into STATION values (97, '.', 20, 943976.83, 6561958.98, 1038.18);
insert into STATION values (98, '.', 20, 943976.53, 6561959.23, 1037.76);
insert into STATION values (99, '10', 20, 943978.79, 6561961.42, 1038.67);
insert into STATION values (100, '.', 20, 943978.68, 6561961.38, 1039.04);
insert into STATION values (101, '.', 20, 943978.29, 6561961.42, 1039.41);
insert into STATION values (102, '.', 20, 943977.56, 6561961.48, 1039.16);
insert into STATION values (103, '.', 20, 943977.51, 6561961.65, 1038.95);
insert into STATION values (104, '.', 20, 943977.60, 6561961.51, 1038.50);
insert into STATION values (105, '.', 20, 943977.59, 6561961.39, 1037.77);
insert into STATION values (106, '.', 20, 943978.09, 6561961.34, 1037.79);
insert into STATION values (107, '11', 20, 943979.21, 6561965.65, 1038.91);
insert into STATION values (108, '.', 20, 943980.85, 6561964.77, 1037.86);
insert into STATION values (109, '.', 20, 943980.94, 6561964.58, 1038.95);
insert into STATION values (110, '.', 20, 943980.42, 6561964.99, 1040.01);
insert into STATION values (111, '.', 20, 943980.05, 6561965.18, 1039.89);
insert into STATION values (112, '.', 20, 943979.29, 6561965.62, 1039.24);
insert into STATION values (113, 'cible_E', 20, 943981.62, 6561965.47, 1038.89);
insert into STATION values (114, '12', 20, 943981.15, 6561966.45, 1037.98);
insert into STATION values (115, '.', 20, 943979.20, 6561965.70, 1038.94);
insert into STATION values (116, '13', 20, 943979.49, 6561966.38, 1038.35);
insert into STATION values (117, '14', 20, 943978.46, 6561969.64, 1038.24);
insert into STATION values (118, '.', 20, 943977.59, 6561972.94, 1038.13);
insert into STATION values (119, '.', 20, 943978.50, 6561969.67, 1038.59);
insert into STATION values (120, '.', 20, 943978.39, 6561969.63, 1038.68);
insert into STATION values (121, '.', 20, 943978.12, 6561969.55, 1038.62);
insert into STATION values (122, '.', 20, 943977.91, 6561969.39, 1038.61);
insert into STATION values (123, '.', 20, 943977.50, 6561969.31, 1038.37);
insert into STATION values (124, '.', 20, 943977.82, 6561969.48, 1038.02);
insert into STATION values (125, '.', 20, 943978.21, 6561969.54, 1037.92);
insert into STATION values (126, '15', 20, 943977.21, 6561971.53, 1038.13);
insert into STATION values (127, '.', 20, 943977.55, 6561971.85, 1038.59);
insert into STATION values (128, '.', 20, 943977.33, 6561971.59, 1038.74);
insert into STATION values (129, '.', 20, 943977.18, 6561971.41, 1038.85);
insert into STATION values (130, '.', 20, 943977.04, 6561971.23, 1038.73);
insert into STATION values (131, '.', 20, 943976.68, 6561970.88, 1038.56);
insert into STATION values (132, '.', 20, 943976.51, 6561970.86, 1038.27);
insert into STATION values (133, '.', 20, 943976.93, 6561971.28, 1038.09);
insert into STATION values (134, '16', 20, 943974.94, 6561972.87, 1038.92);
insert into STATION values (135, '.', 20, 943975.34, 6561973.19, 1038.95);
insert into STATION values (136, '.', 20, 943975.26, 6561973.26, 1039.33);
insert into STATION values (137, '.', 20, 943975.14, 6561972.92, 1039.34);
insert into STATION values (138, '.', 20, 943974.92, 6561972.82, 1039.41);
insert into STATION values (139, '.', 20, 943974.45, 6561972.36, 1039.33);
insert into STATION values (140, '.', 20, 943974.29, 6561972.32, 1039.15);
insert into STATION values (141, '.', 20, 943974.48, 6561972.54, 1038.95);
insert into STATION values (142, '.', 20, 943974.81, 6561972.80, 1038.89);
insert into STATION values (143, '.', 20, 943973.36, 6561973.96, 1039.90);
insert into STATION values (144, '17', 20, 943973.36, 6561973.94, 1039.91);
insert into STATION values (145, '.', 20, 943973.16, 6561973.89, 1039.68);
insert into STATION values (146, '.', 20, 943973.24, 6561974.06, 1039.44);
insert into STATION values (147, '.', 20, 943973.51, 6561974.06, 1039.92);
insert into STATION values (148, '.', 20, 943973.88, 6561974.55, 1039.72);
insert into STATION values (149, '.', 20, 943973.64, 6561974.33, 1039.72);
insert into STATION values (150, '.', 20, 943973.54, 6561974.17, 1039.65);
insert into STATION values (151, '.', 20, 943973.45, 6561974.11, 1039.48);
insert into STATION values (152, '.', 20, 943973.35, 6561974.05, 1039.36);
insert into STATION values (153, '18', 20, 943972.32, 6561975.18, 1039.98);
insert into STATION values (154, '.', 20, 943971.25, 6561976.38, 1040.05);
insert into STATION values (155, '.', 20, 943971.27, 6561976.43, 1040.06);
insert into STATION values (156, '.', 20, 943972.29, 6561975.11, 1040.39);
insert into STATION values (157, '.', 20, 943972.16, 6561974.99, 1040.26);
insert into STATION values (158, '.', 20, 943971.97, 6561974.84, 1040.09);
insert into STATION values (159, '.', 20, 943972.18, 6561975.07, 1039.96);
insert into STATION values (160, '.', 20, 943972.41, 6561975.16, 1039.70);
insert into STATION values (161, '.', 20, 943972.55, 6561975.33, 1039.94);
insert into STATION values (162, '.', 20, 943972.78, 6561975.47, 1040.25);
insert into STATION values (163, '.', 20, 943972.55, 6561975.24, 1040.41);
insert into STATION values (164, '19', 20, 943970.16, 6561978.04, 1041.55);
insert into STATION values (165, '.', 20, 943970.17, 6561978.00, 1042.05);
insert into STATION values (166, '.', 20, 943969.92, 6561977.79, 1041.90);
insert into STATION values (167, '.', 20, 943969.80, 6561977.82, 1041.39);
insert into STATION values (168, '.', 20, 943969.82, 6561977.88, 1041.36);
insert into STATION values (169, '.', 20, 943970.72, 6561978.50, 1041.91);
insert into STATION values (170, '.', 20, 943970.43, 6561978.19, 1041.96);
insert into STATION values (171, '.', 20, 943970.26, 6561978.01, 1042.04);
insert into STATION values (172, '20', 20, 943966.07, 6561980.93, 1043.47);
insert into STATION values (173, '21', 20, 943962.35, 6561983.44, 1045.90);
insert into STATION values (174, '.', 20, 943965.86, 6561980.90, 1044.82);
insert into STATION values (175, '.', 20, 943966.03, 6561981.37, 1045.60);
insert into STATION values (176, '.', 20, 943966.40, 6561982.05, 1044.74);
insert into STATION values (177, '.', 20, 943966.84, 6561982.39, 1044.44);
insert into STATION values (178, '.', 20, 943967.04, 6561982.56, 1043.74);
insert into STATION values (179, '.', 20, 943966.81, 6561982.30, 1043.22);
insert into STATION values (180, '.', 20, 943966.85, 6561982.16, 1042.67);
insert into STATION values (181, '.', 20, 943966.20, 6561981.48, 1042.75);
insert into STATION values (182, '.', 20, 943965.96, 6561980.81, 1043.47);
insert into STATION values (183, '.', 20, 943966.07, 6561980.92, 1043.46);
insert into STATION values (184, '.', 20, 943962.52, 6561983.51, 1046.86);
insert into STATION values (185, '.', 20, 943962.31, 6561983.17, 1047.35);
insert into STATION values (186, '.', 20, 943961.25, 6561982.08, 1048.61);
insert into STATION values (187, '.', 20, 943961.02, 6561982.02, 1047.69);
insert into STATION values (188, '.', 20, 943960.63, 6561981.91, 1047.24);
insert into STATION values (189, '.', 20, 943960.42, 6561982.11, 1046.22);
insert into STATION values (190, '.', 20, 943961.48, 6561982.91, 1045.82);
insert into STATION values (191, '.', 20, 943962.07, 6561983.34, 1045.76);
insert into STATION values (192, '.', 20, 943962.21, 6561983.39, 1045.79);
insert into STATION values (193, 'cible_B', 20, 943963.99, 6561981.47, 1044.96);
insert into STATION values (194, '.', 20, 943963.93, 6561981.41, 1044.94);
insert into STATION values (195, '.', 20, 943964.03, 6561981.48, 1044.93);
insert into STATION values (196, '22', 20, 943955.02, 6561988.59, 1050.23);
insert into STATION values (197, '23', 20, 943954.21, 6561991.84, 1050.62);
insert into STATION values (198, '.', 20, 943954.38, 6561991.93, 1050.57);
insert into STATION values (199, '.', 20, 943955.57, 6561987.56, 1055.56);
insert into STATION values (200, '.', 20, 943957.40, 6561989.72, 1054.81);
insert into STATION values (201, '.', 20, 943960.08, 6561991.39, 1055.94);
insert into STATION values (202, '.', 20, 943957.88, 6561990.18, 1051.76);
insert into STATION values (203, '.', 20, 943957.33, 6561989.76, 1049.93);
insert into STATION values (204, '.', 20, 943956.75, 6561989.43, 1048.54);
insert into STATION values (205, '.', 20, 943955.01, 6561988.20, 1050.09);
insert into STATION values (206, '.', 20, 943954.86, 6561989.40, 1049.91);
insert into STATION values (207, '.', 20, 943954.67, 6561989.07, 1049.95);
insert into STATION values (208, '24', 20, 943947.68, 6561992.26, 1050.78);
insert into STATION values (209, '.', 20, 943954.13, 6561990.82, 1053.10);
insert into STATION values (210, '.', 20, 943953.63, 6561989.90, 1052.55);
insert into STATION values (211, '.', 20, 943953.57, 6561990.48, 1050.09);
insert into STATION values (212, '.', 20, 943953.25, 6561989.67, 1049.54);
insert into STATION values (213, '.', 20, 943953.51, 6561990.19, 1048.80);
insert into STATION values (214, '.', 20, 943953.77, 6561990.89, 1048.89);
insert into STATION values (215, '.', 20, 943953.89, 6561991.30, 1048.83);
insert into STATION values (216, '.', 20, 943947.97, 6561992.62, 1056.24);
insert into STATION values (217, '.', 20, 943948.27, 6561993.36, 1053.66);
insert into STATION values (218, '.', 20, 943948.14, 6561993.05, 1051.38);
insert into STATION values (219, '.', 20, 943948.21, 6561992.87, 1050.76);
insert into STATION values (220, '.', 20, 943948.20, 6561992.98, 1050.33);
insert into STATION values (221, '.', 20, 943948.02, 6561993.12, 1049.69);
insert into STATION values (222, '.', 20, 943947.63, 6561992.84, 1049.46);
insert into STATION values (223, '25', 20, 943943.32, 6561997.08, 1054.58);
insert into STATION values (224, '.', 20, 943942.09, 6561995.48, 1056.71);
insert into STATION values (225, '.', 20, 943942.23, 6561995.84, 1055.25);
insert into STATION values (226, '.', 20, 943941.52, 6561994.86, 1053.29);
insert into STATION values (227, '.', 20, 943942.20, 6561996.04, 1052.86);
insert into STATION values (228, '.', 20, 943942.88, 6561996.83, 1052.73);
insert into STATION values (229, '26', 20, 943940.21, 6562001.21, 1058.29);
insert into STATION values (230, '.', 20, 943943.06, 6562002.18, 1062.14);
insert into STATION values (231, '.', 20, 943944.40, 6562001.90, 1058.66);
insert into STATION values (232, '.', 20, 943944.66, 6562002.96, 1057.60);
insert into STATION values (233, '.', 20, 943943.64, 6562002.83, 1056.57);
insert into STATION values (234, '.', 20, 943941.48, 6562002.11, 1056.89);
insert into STATION values (235, '.', 20, 943940.89, 6562001.82, 1057.17);
insert into STATION values (236, '27', 20, 943942.07, 6562006.70, 1061.31);
insert into STATION values (237, '.', 20, 943940.73, 6562006.74, 1061.32);
insert into STATION values (238, '.', 20, 943941.09, 6562006.63, 1060.92);
insert into STATION values (239, '.', 20, 943944.52, 6562005.02, 1059.62);
insert into STATION values (240, '.', 20, 943943.87, 6562006.03, 1059.03);
insert into STATION values (241, '.', 20, 943942.35, 6562006.85, 1060.12);
insert into STATION values (242, '.', 20, 943941.68, 6562007.22, 1060.63);
insert into STATION values (243, '.', 20, 943940.98, 6562007.55, 1061.20);
insert into STATION values (244, '.', 20, 943939.36, 6562007.66, 1063.19);
insert into STATION values (245, '.', 20, 943940.05, 6562007.68, 1065.79);
insert into STATION values (246, 'cible_A', 20, 943942.11, 6562006.97, 1060.22);
insert into STATION values (247, '28', 20, 943937.67, 6562011.89, 1066.52);
insert into STATION values (248, '.', 20, 943938.20, 6562012.16, 1067.94);
insert into STATION values (249, '.', 20, 943938.24, 6562011.85, 1069.03);
insert into STATION values (250, '.', 20, 943937.81, 6562010.94, 1069.40);
insert into STATION values (251, '.', 20, 943937.26, 6562010.55, 1067.58);
insert into STATION values (252, '.', 20, 943937.08, 6562010.63, 1066.69);
insert into STATION values (253, '.', 20, 943936.63, 6562009.21, 1065.59);
insert into STATION values (254, '.', 20, 943937.14, 6562010.65, 1065.38);
insert into STATION values (255, '.', 20, 943937.50, 6562011.39, 1065.39);
insert into STATION values (256, '.', 20, 943937.63, 6562011.74, 1065.55);
insert into STATION values (257, '29', 20, 943933.62, 6562013.97, 1070.22);
insert into STATION values (258, '.', 20, 943934.28, 6562014.69, 1072.97);
insert into STATION values (259, '.', 20, 943934.65, 6562014.89, 1071.47);
insert into STATION values (260, '.', 20, 943935.07, 6562014.92, 1070.76);
insert into STATION values (261, '.', 20, 943935.20, 6562015.14, 1069.82);
insert into STATION values (262, '.', 20, 943934.85, 6562014.92, 1069.22);
insert into STATION values (263, '.', 20, 943934.68, 6562014.83, 1068.54);
insert into STATION values (264, '.', 20, 943934.20, 6562014.54, 1068.58);
insert into STATION values (265, '.', 20, 943933.34, 6562014.01, 1068.72);
insert into STATION values (266, '30', 20, 943932.89, 6562020.67, 1072.78);
insert into STATION_FLAG values(266, 'fix');
insert into STATION values (267, '.', 20, 943933.49, 6562020.74, 1075.13);
insert into STATION values (268, '.', 20, 943935.54, 6562020.08, 1076.69);
insert into STATION values (269, '.', 20, 943935.12, 6562020.10, 1074.06);
insert into STATION values (270, '.', 20, 943934.86, 6562020.41, 1072.77);
insert into STATION values (271, '.', 20, 943934.39, 6562020.75, 1072.25);
insert into STATION values (272, '.', 20, 943933.78, 6562020.68, 1071.66);
insert into STATION values (273, '31', 20, 943930.81, 6562014.72, 1076.67);
insert into STATION values (274, '32', 20, 943926.72, 6562015.46, 1077.29);
insert into STATION values (275, '.', 20, 943930.41, 6562015.76, 1077.02);
insert into STATION values (276, '.', 20, 943930.37, 6562015.73, 1076.96);
insert into STATION values (277, '.', 20, 943930.19, 6562016.06, 1076.45);
insert into STATION values (278, '.', 20, 943930.01, 6562016.30, 1075.50);
insert into STATION values (279, '.', 20, 943930.69, 6562015.39, 1075.16);
insert into STATION values (280, '.', 20, 943930.98, 6562014.55, 1075.60);
insert into STATION values (281, 'cible_C', 20, 943921.43, 6562009.67, 1077.58);
