create table SURVEY (ID integer, PARENT_ID integer, NAME varchar(14), FULL_NAME varchar(14), TITLE varchar(29));
create table CENTRELINE (ID integer, SURVEY_ID integer, TITLE varchar(4), TOPO_DATE date, EXPLO_DATE date, LENGTH real, SURFACE_LENGTH real, DUPLICATE_LENGTH real);
create table PERSON (ID integer, NAME varchar(11), SURNAME varchar(15));
create table EXPLO (PERSON_ID integer, CENTRELINE_ID integer);
create table TOPO (PERSON_ID integer, CENTRELINE_ID integer);
create table STATION (ID integer, NAME varchar(4), SURVEY_ID integer, X real, Y real, Z real);
create table STATION_FLAG (STATION_ID integer, FLAG char(3));
create table SHOT (ID integer, FROM_ID integer, TO_ID integer, CENTRELINE_ID integer, LENGTH real, BEARING real, GRADIENT real, ADJ_LENGTH real, ADJ_BEARING real, ADJ_GRADIENT real, ERR_LENGTH real, ERR_BEARING real, ERR_GRADIENT real);
create table SHOT_FLAG (SHOT_ID integer, FLAG char(3));
create table MAPS (ID integer, SURVEY_ID integer, NAME varchar(14), TITLE varchar(29), PROJID integer, LENGTH real, DEPTH real);
create table SCRAPS (ID integer, SURVEY_ID integer, NAME varchar(14), PROJID integer, MAX_DISTORTION real, AVG_DISTORTION real);
create table MAPITEMS (ID integer, TYPE integer, ITEMID integer);
insert into SURVEY values (1, 0, '', '', NULL);
 insert into CENTRELINE values (2, 1, NULL, NULL, NULL, 0.00, 0.00, 0.00);
 insert into SURVEY values (19, 1, 'GrandFontannet', 'GrandFontannet', 'Grand Fontannet de la Mothe');
 insert into CENTRELINE values (20, 19, NULL, NULL, NULL, 0.00, 0.00, 0.00);
 insert into CENTRELINE values (21, 19, NULL, '2023-10-10', NULL, 216.63, 48.08, 0.00);
 insert into PERSON values (1, 'Ana Paola', 'Burgoa Tanaka');
insert into TOPO values (1, 21);
 insert into PERSON values (2, 'Jeremie', 'Chappuis');
insert into TOPO values (2, 21);
 insert into PERSON values (3, 'Tanguy', 'Racine');
insert into TOPO values (3, 21);
 insert into PERSON values (4, 'Philippe', 'Renard');
insert into TOPO values (4, 21);
 insert into PERSON values (5, 'Celia', 'Trunz');
insert into TOPO values (5, 21);
 insert into SHOT values (1, 1, 2, 21, 7.550, 267.02, 4.40, 7.546, 266.49, 4.33, 0.070, 173.74, -7.54);
insert into SHOT values (2, 2, 1, 21, 7.540, 86.02, -4.30, 7.546, 86.49, -4.33, 0.062, 171.35, -4.30);
insert into SHOT values (3, 2, 3, 21, 5.420, 197.12, -10.30, 5.424, 197.11, -10.30, 0.004, 176.70, -13.32);
insert into SHOT values (4, 3, 2, 21, 5.430, 16.92, 10.20, 5.424, 17.11, 10.30, 0.021, 131.79, 23.84);
insert into SHOT values (5, 3, 4, 21, 3.750, 251.82, -1.20, 3.748, 251.81, -1.07, 0.009, 104.27, 75.63);
insert into SHOT values (6, 3, 5, 21, 4.900, 289.22, -20.70, 4.907, 289.18, -20.52, 0.017, 273.42, 45.17);
insert into SHOT values (7, 5, 3, 21, 4.920, 109.22, 20.50, 4.907, 109.18, 20.52, 0.014, 303.04, -12.48);
insert into SHOT values (8, 5, 6, 21, 6.610, 235.22, -26.20, 6.632, 235.35, -26.32, 0.029, 278.44, -49.32);
insert into SHOT values (9, 6, 5, 21, 6.660, 55.52, 26.30, 6.632, 55.35, 26.32, 0.034, 270.61, -18.74);
insert into SHOT values (10, 6, 7, 21, 5.330, 254.22, -21.70, 5.341, 254.34, -21.64, 0.016, 294.02, 2.75);
insert into SHOT values (11, 7, 6, 21, 5.340, 74.52, 21.70, 5.341, 74.34, 21.64, 0.017, 354.02, -15.32);
insert into SHOT values (12, 7, 8, 21, 4.330, 237.22, 10.70, 4.328, 236.61, 10.79, 0.046, 143.31, 7.54);
insert into SHOT values (13, 8, 7, 21, 4.340, 56.02, -10.90, 4.328, 56.61, -10.79, 0.046, 159.12, 13.49);
insert into SHOT values (14, 8, 9, 21, 2.200, 137.42, -0.50, 2.201, 137.39, -0.52, 0.002, 90.18, -26.20);
insert into SHOT values (15, 8, 10, 21, 8.270, 246.72, -9.10, 8.264, 246.45, -9.12, 0.040, 147.30, -2.95);
insert into SHOT values (16, 10, 8, 21, 8.270, 66.12, 9.20, 8.264, 66.45, 9.12, 0.048, 161.31, -14.67);
insert into SHOT values (17, 10, 11, 21, 7.340, 210.92, 18.00, 7.350, 210.71, 17.99, 0.028, 141.01, 3.74);
insert into SHOT values (18, 11, 10, 21, 7.350, 30.52, -18.00, 7.350, 30.71, -17.99, 0.023, 120.40, 3.22);
insert into SHOT values (19, 11, 12, 21, 2.860, 102.02, 12.60, 2.859, 101.99, 12.52, 0.004, 4.68, -69.03);
insert into SHOT values (20, 11, 13, 21, 4.840, 199.82, 0.90, 4.843, 199.67, 0.71, 0.021, 123.35, -49.94);
insert into SHOT values (21, 13, 11, 21, 4.840, 19.52, -0.70, 4.843, 19.67, -0.71, 0.013, 96.13, -3.95);
insert into SHOT values (22, 13, 14, 21, 7.550, 189.92, -3.80, 7.546, 190.18, -3.88, 0.035, 288.66, -16.12);
insert into SHOT values (23, 14, 13, 21, 7.550, 10.42, 4.00, 7.546, 10.18, 3.88, 0.037, 274.73, -26.85);
insert into SHOT values (24, 14, 15, 21, 5.140, 277.62, -19.90, 5.147, 277.71, -19.76, 0.016, 312.12, 36.28);
insert into SHOT values (25, 15, 14, 21, 5.140, 97.72, 19.70, 5.147, 97.71, 19.76, 0.009, 84.58, 56.91);
insert into SHOT values (26, 15, 16, 21, 2.020, 174.02, -2.40, 2.023, 174.04, -2.55, 0.006, 182.00, -63.16);
insert into SHOT values (27, 15, 17, 21, 5.930, 217.92, -1.90, 5.942, 217.68, -1.83, 0.029, 152.90, 13.31);
insert into SHOT values (28, 17, 15, 21, 5.940, 37.52, 1.80, 5.942, 37.68, 1.83, 0.017, 122.20, 11.92);
insert into SHOT values (29, 17, 18, 21, 6.590, 287.12, 5.60, 6.593, 287.19, 5.48, 0.016, 345.87, -55.18);
insert into SHOT values (30, 18, 17, 21, 6.590, 107.12, -5.40, 6.593, 107.19, -5.48, 0.013, 179.22, -50.27);
insert into SHOT values (31, 18, 19, 21, 3.340, 169.02, -11.20, 3.351, 169.13, -11.01, 0.017, 195.59, 31.89);
insert into SHOT values (32, 19, 18, 21, 3.350, 349.52, 11.00, 3.351, 349.13, 11.01, 0.022, 260.65, 2.02);
insert into SHOT values (33, 19, 20, 21, 3.660, 308.62, 17.90, 3.663, 308.48, 17.80, 0.011, 245.87, -26.46);
insert into SHOT values (34, 19, 21, 21, 3.960, 265.82, 29.50, 3.954, 265.67, 29.55, 0.012, 140.53, 0.01);
insert into SHOT values (35, 21, 19, 21, 3.940, 85.52, -29.80, 3.954, 85.67, -29.55, 0.024, 107.56, 19.77);
insert into SHOT values (36, 21, 22, 21, 4.640, 222.22, 16.70, 4.641, 222.36, 16.40, 0.027, 274.60, -60.34);
insert into SHOT values (37, 22, 21, 21, 4.640, 42.52, -16.10, 4.641, 42.36, -16.40, 0.027, 288.84, -59.03);
insert into SHOT values (38, 22, 23, 21, 1.530, 298.62, 2.30, 1.532, 298.91, 2.24, 0.008, 14.13, -10.12);
insert into SHOT values (39, 22, 24, 21, 2.990, 259.92, 10.90, 2.978, 259.96, 10.84, 0.013, 71.35, -25.37);
insert into SHOT values (40, 24, 22, 21, 2.980, 79.72, -10.80, 2.978, 79.96, -10.84, 0.012, 181.27, -7.52);
insert into SHOT values (41, 24, 25, 21, 4.500, 220.72, -7.70, 4.493, 220.81, -7.67, 0.010, 356.68, 17.01);
insert into SHOT values (42, 25, 24, 21, 4.480, 40.82, 7.80, 4.493, 40.81, 7.67, 0.016, 36.35, -29.73);
insert into SHOT values (43, 25, 26, 21, 2.080, 194.62, 5.60, 2.086, 194.50, 5.50, 0.008, 159.14, -21.65);
insert into SHOT values (44, 27, 28, 21, 2.060, 291.22, 2.50, 2.051, 291.18, 3.07, 0.022, 120.98, 63.96);
insert into SHOT_FLAG values(44, 'srf');
insert into SHOT values (45, 28, 27, 21, 2.050, 111.52, -3.40, 2.051, 111.18, -3.07, 0.017, 30.29, 42.72);
insert into SHOT_FLAG values(45, 'srf');
insert into SHOT values (46, 28, 29, 21, 8.880, 346.52, -12.50, 8.888, 346.33, -12.54, 0.031, 268.38, -15.06);
insert into SHOT_FLAG values(46, 'srf');
insert into SHOT values (47, 29, 28, 21, 8.880, 166.12, 12.50, 8.888, 166.33, 12.54, 0.033, 245.11, 14.06);
insert into SHOT_FLAG values(47, 'srf');
insert into SHOT values (48, 29, 30, 21, 5.100, 236.02, 6.90, 5.116, 236.65, 7.19, 0.063, 313.66, 25.56);
insert into SHOT_FLAG values(48, 'srf');
insert into SHOT values (49, 30, 29, 21, 5.130, 57.32, -7.30, 5.116, 56.65, -7.19, 0.062, 314.82, 11.02);
insert into SHOT_FLAG values(49, 'srf');
insert into SHOT values (50, 30, 1, 21, 8.020, 274.82, 5.30, 7.986, 275.19, 5.24, 0.062, 37.74, -10.03);
insert into SHOT_FLAG values(50, 'srf');
insert into SHOT values (51, 1, 30, 21, 7.960, 95.52, -5.20, 7.986, 95.19, -5.24, 0.053, 34.40, -9.29);
insert into SHOT_FLAG values(51, 'srf');
insert into STATION values (1, '0', 19, 533341.94, 185822.21, 589.55);
insert into STATION values (2, '1', 19, 533334.43, 185821.75, 590.12);
insert into STATION values (3, '2', 19, 533332.86, 185816.65, 589.15);
insert into STATION values (4, 'C1', 19, 533329.30, 185815.48, 589.08);
insert into STATION values (5, '3', 19, 533328.52, 185818.16, 587.43);
insert into STATION values (6, '4', 19, 533323.63, 185814.78, 584.49);
insert into STATION values (7, '5', 19, 533318.85, 185813.44, 582.52);
insert into STATION values (8, '6', 19, 533315.30, 185811.10, 583.33);
insert into STATION values (9, 'C2', 19, 533316.79, 185809.48, 583.31);
insert into STATION values (10, '7', 19, 533307.82, 185807.84, 582.02);
insert into STATION values (11, '8', 19, 533304.25, 185801.83, 584.29);
insert into STATION values (12, 'C3', 19, 533306.98, 185801.25, 584.91);
insert into STATION values (13, '9', 19, 533302.62, 185797.27, 584.35);
insert into STATION values (14, '10', 19, 533301.29, 185789.86, 583.84);
insert into STATION values (15, '11', 19, 533296.49, 185790.51, 582.10);
insert into STATION values (16, 'C5', 19, 533296.70, 185788.50, 582.01);
insert into STATION values (17, '12', 19, 533292.86, 185785.81, 581.91);
insert into STATION values (18, '13', 19, 533286.59, 185787.75, 582.54);
insert into STATION values (19, '14', 19, 533287.21, 185784.52, 581.90);
insert into STATION values (20, 'C6', 19, 533284.48, 185786.69, 583.02);
insert into STATION values (21, '15', 19, 533283.78, 185784.26, 583.85);
insert into STATION values (22, '16', 19, 533280.78, 185780.97, 585.16);
insert into STATION values (23, 'C7', 19, 533279.44, 185781.71, 585.22);
insert into STATION values (24, '17', 19, 533277.90, 185780.46, 585.72);
insert into STATION values (25, '18', 19, 533274.99, 185777.09, 585.12);
insert into STATION values (26, 'C8', 19, 533274.47, 185775.08, 585.32);
insert into STATION values (27, 'S0', 19, 533358.06, 185815.11, 590.00);
insert into STATION_FLAG values(27, 'fix');
insert into STATION values (28, 'S1', 19, 533356.15, 185815.85, 590.11);
insert into STATION values (29, 'S2', 19, 533354.10, 185824.28, 588.18);
insert into STATION values (30, 'S3', 19, 533349.86, 185821.49, 588.82);
