create table SURVEY (ID integer, PARENT_ID integer, NAME varchar(8), FULL_NAME varchar(8), TITLE varchar(10));
create table CENTRELINE (ID integer, SURVEY_ID integer, TITLE varchar(4), TOPO_DATE date, EXPLO_DATE date, LENGTH real, SURFACE_LENGTH real, DUPLICATE_LENGTH real);
create table PERSON (ID integer, NAME varchar(10), SURNAME varchar(11));
create table EXPLO (PERSON_ID integer, CENTRELINE_ID integer);
create table TOPO (PERSON_ID integer, CENTRELINE_ID integer);
create table STATION (ID integer, NAME varchar(4), SURVEY_ID integer, X real, Y real, Z real);
create table STATION_FLAG (STATION_ID integer, FLAG char(3));
create table SHOT (ID integer, FROM_ID integer, TO_ID integer, CENTRELINE_ID integer, LENGTH real, BEARING real, GRADIENT real, ADJ_LENGTH real, ADJ_BEARING real, ADJ_GRADIENT real, ERR_LENGTH real, ERR_BEARING real, ERR_GRADIENT real);
create table SHOT_FLAG (SHOT_ID integer, FLAG char(3));
create table MAPS (ID integer, SURVEY_ID integer, NAME varchar(8), TITLE varchar(10), PROJID integer, LENGTH real, DEPTH real);
create table SCRAPS (ID integer, SURVEY_ID integer, NAME varchar(8), PROJID integer, MAX_DISTORTION real, AVG_DISTORTION real);
create table MAPITEMS (ID integer, TYPE integer, ITEMID integer);
insert into SURVEY values (1, 0, '', '', NULL);
 insert into CENTRELINE values (2, 1, NULL, NULL, NULL, 0.00, 0.00, 0.00);
 insert into SURVEY values (21, 1, 'Lauiloch', 'Lauiloch', 'Lauiloch');
 insert into CENTRELINE values (22, 21, NULL, NULL, NULL, 0.00, 0.00, 0.00);
 insert into CENTRELINE values (23, 21, NULL, '2024-01-13', NULL, 322.85, 21.22, 320.49);
 insert into PERSON values (1, 'Marco', 'Filipponi');
insert into TOPO values (1, 23);
 insert into PERSON values (2, 'Tanguy', 'Racine');
insert into TOPO values (2, 23);
 insert into PERSON values (3, 'Philippe', 'Renard');
insert into TOPO values (3, 23);
 insert into SHOT values (1, 1, 2, 23, 1.980, 212.52, -6.70, 1.983, 212.56, -6.66, 0.004, 236.54, 16.59);
insert into SHOT_FLAG values(1, 'srf');
insert into SHOT values (2, 1, 3, 23, 5.610, 188.92, -39.40, 5.617, 188.00, -39.86, 0.083, 80.10, -28.12);
insert into SHOT values (3, 3, 4, 23, 1.810, 315.82, 8.20, 1.806, 315.68, 7.95, 0.010, 197.28, -58.44);
insert into SHOT values (4, 3, 5, 23, 0.970, 324.62, 83.30, 0.967, 322.13, 83.23, 0.006, 243.09, -33.92);
insert into SHOT values (5, 3, 6, 23, 0.540, 325.12, -87.50, 0.540, 296.57, -87.63, 0.011, 215.01, -2.59);
insert into SHOT values (6, 3, 1, 23, 5.630, 7.12, 40.30, 5.617, 8.00, 39.86, 0.080, 82.19, -31.20);
insert into SHOT_FLAG values(6, 'dpl');
insert into SHOT values (7, 3, 7, 23, 5.610, 8.92, 39.60, 5.606, 8.92, 39.56, 0.006, 221.93, -86.16);
insert into SHOT values (8, 3, 8, 23, 5.610, 6.52, 40.70, 5.607, 6.49, 40.75, 0.007, 207.85, 15.20);
insert into SHOT values (9, 3, 9, 23, 5.010, 226.42, 2.10, 5.041, 226.77, 2.16, 0.044, 271.84, 8.46);
insert into SHOT values (10, 9, 10, 23, 1.270, 125.72, 2.20, 1.269, 125.70, 2.26, 0.002, 340.64, 52.06);
insert into SHOT values (11, 9, 11, 23, 0.160, 295.82, 1.40, 0.157, 296.57, 0.00, 0.006, 85.23, -44.36);
insert into SHOT values (12, 9, 12, 23, 0.850, 92.92, -79.10, 0.845, 93.58, -79.07, 0.005, 196.09, 68.00);
insert into SHOT values (13, 9, 13, 23, 0.710, 138.32, 80.70, 0.709, 135.00, 80.82, 0.007, 33.03, -5.61);
insert into SHOT values (14, 9, 3, 23, 5.050, 47.12, -2.30, 5.041, 46.77, -2.16, 0.035, 300.80, 21.53);
insert into SHOT_FLAG values(14, 'dpl');
insert into SHOT values (15, 9, 14, 23, 1.830, 189.12, -14.90, 1.778, 194.85, -15.00, 0.182, 298.34, 3.33);
insert into SHOT values (16, 14, 15, 23, 0.790, 152.02, 12.00, 0.786, 152.10, 11.75, 0.006, 313.61, -50.52);
insert into SHOT values (17, 14, 16, 23, 1.510, 309.12, 5.10, 1.513, 309.08, 4.93, 0.005, 288.20, -51.94);
insert into SHOT values (18, 14, 17, 23, 1.110, 250.52, 36.00, 1.111, 250.56, 35.80, 0.004, 260.97, -35.40);
insert into SHOT values (19, 14, 18, 23, 0.380, 36.62, -49.80, 0.379, 34.99, -49.91, 0.007, 296.47, 1.97);
insert into SHOT values (20, 14, 9, 23, 1.820, 20.92, 15.00, 1.778, 14.85, 15.00, 0.189, 275.45, -3.35);
insert into SHOT_FLAG values(20, 'dpl');
insert into SHOT values (21, 14, 19, 23, 4.930, 331.22, -56.60, 4.933, 330.88, -56.64, 0.017, 237.22, -14.73);
insert into SHOT values (22, 19, 20, 23, 1.720, 205.02, 9.30, 1.714, 205.20, 9.40, 0.009, 345.44, 13.70);
insert into SHOT values (23, 19, 21, 23, 0.290, 7.62, -0.60, 0.293, 7.85, 0.00, 0.004, 30.95, 45.30);
insert into SHOT values (24, 19, 22, 23, 1.000, 223.32, 87.40, 1.001, 225.00, 87.57, 0.003, 20.50, 17.80);
insert into SHOT values (25, 19, 23, 23, 0.300, 317.52, -71.00, 0.299, 318.81, -69.21, 0.010, 333.11, 22.26);
insert into SHOT values (26, 19, 24, 23, 7.660, 150.82, 56.30, 7.665, 150.84, 56.34, 0.008, 289.35, 72.61);
insert into SHOT values (27, 19, 14, 23, 4.930, 150.62, 56.60, 4.933, 150.88, 56.64, 0.013, 245.64, 18.54);
insert into SHOT_FLAG values(27, 'dpl');
insert into SHOT values (28, 19, 25, 23, 4.230, 249.02, 0.00, 4.234, 248.53, -0.14, 0.038, 164.90, -15.21);
insert into SHOT values (29, 25, 26, 23, 1.110, 20.32, 12.40, 1.111, 19.94, 12.47, 0.007, 297.44, 12.69);
insert into SHOT values (30, 25, 27, 23, 1.920, 165.02, 83.10, 1.924, 164.74, 83.19, 0.005, 7.65, 53.89);
insert into SHOT values (31, 25, 28, 23, 0.960, 47.12, -63.90, 0.959, 46.91, -63.73, 0.003, 11.14, 38.34);
insert into SHOT values (32, 25, 19, 23, 4.240, 68.02, 0.30, 4.234, 68.53, 0.14, 0.040, 167.43, -17.88);
insert into SHOT_FLAG values(32, 'dpl');
insert into SHOT values (33, 25, 29, 23, 8.230, 151.72, 17.30, 8.221, 151.58, 17.12, 0.034, 60.28, -54.09);
insert into SHOT values (34, 29, 30, 23, 0.390, 98.42, -4.30, 0.396, 98.75, -4.35, 0.006, 119.98, -7.08);
insert into SHOT values (35, 29, 31, 23, 0.840, 284.82, 54.00, 0.835, 284.32, 54.50, 0.010, 130.71, 2.53);
insert into SHOT values (36, 29, 32, 23, 1.310, 344.32, -85.50, 1.304, 348.69, -85.51, 0.010, 82.36, 37.22);
insert into SHOT values (37, 29, 33, 23, 1.910, 285.12, -7.70, 1.901, 285.07, -7.56, 0.010, 117.21, 35.96);
insert into SHOT_FLAG values(37, 'srf');
insert into SHOT values (38, 29, 25, 23, 8.230, 331.42, -16.90, 8.221, 331.58, -17.12, 0.039, 100.65, -45.01);
insert into SHOT_FLAG values(38, 'dpl');
insert into SHOT values (39, 29, 34, 23, 3.180, 251.02, -1.10, 3.182, 251.11, -1.44, 0.020, 319.66, -74.35);
insert into SHOT values (40, 34, 35, 23, 0.160, 214.02, 0.30, 0.158, 214.70, 0.00, 0.003, 349.52, -17.50);
insert into SHOT values (41, 34, 36, 23, 0.910, 359.82, 1.70, 0.910, 0.00, 1.89, 0.004, 81.92, 46.20);
insert into SHOT values (42, 34, 37, 23, 2.220, 17.82, -77.20, 2.216, 17.70, -77.13, 0.005, 343.57, 69.20);
insert into SHOT values (43, 34, 29, 23, 3.180, 71.42, 1.80, 3.182, 71.11, 1.44, 0.026, 350.87, -48.65);
insert into SHOT_FLAG values(43, 'dpl');
insert into SHOT values (44, 34, 38, 23, 4.140, 299.32, -36.70, 4.130, 299.90, -36.73, 0.035, 44.51, 6.91);
insert into SHOT values (45, 38, 39, 23, 0.900, 354.02, 22.10, 0.901, 353.81, 22.16, 0.003, 281.93, 23.60);
insert into SHOT values (46, 38, 40, 23, 0.820, 207.92, 1.10, 0.828, 208.11, 0.69, 0.010, 227.59, -34.75);
insert into SHOT values (47, 38, 41, 23, 2.420, 260.22, 69.60, 2.421, 260.43, 69.66, 0.004, 21.39, 26.75);
insert into SHOT values (48, 38, 42, 23, 0.180, 14.82, 11.30, 0.177, 13.24, 9.75, 0.007, 262.93, -45.45);
insert into SHOT values (49, 38, 43, 23, 1.570, 214.72, -80.80, 1.570, 213.69, -80.75, 0.005, 141.10, -2.37);
insert into SHOT values (50, 38, 34, 23, 4.130, 120.22, 36.80, 4.130, 119.90, 36.73, 0.020, 40.55, -11.73);
insert into SHOT_FLAG values(50, 'dpl');
insert into SHOT values (51, 38, 44, 23, 5.610, 268.82, -44.50, 5.582, 265.24, -44.61, 0.251, 170.71, 2.76);
insert into SHOT values (52, 44, 45, 23, 0.200, 194.32, -1.70, 0.197, 194.74, -2.91, 0.006, 351.50, -47.39);
insert into SHOT values (53, 44, 46, 23, 0.900, 2.92, 3.90, 0.903, 2.54, 3.81, 0.007, 299.49, -10.42);
insert into SHOT values (54, 44, 47, 23, 2.660, 295.32, 80.90, 2.654, 295.35, 80.88, 0.007, 75.19, -87.42);
insert into SHOT values (55, 44, 48, 23, 3.550, 152.52, -84.90, 3.554, 153.43, -84.95, 0.007, 269.69, -35.82);
insert into SHOT values (56, 44, 49, 23, 2.050, 296.82, 0.70, 2.053, 296.94, 0.56, 0.007, 352.61, -44.34);
insert into SHOT values (57, 44, 38, 23, 5.580, 81.82, 44.50, 5.582, 85.24, 44.61, 0.237, 175.03, 2.16);
insert into SHOT_FLAG values(57, 'dpl');
insert into SHOT values (58, 44, 50, 23, 7.120, 285.02, -84.90, 7.107, 284.93, -84.99, 0.017, 109.63, 44.55);
insert into SHOT values (59, 50, 51, 23, 0.280, 44.82, 7.80, 0.279, 43.53, 8.25, 0.007, 300.22, 17.32);
insert into SHOT values (60, 50, 52, 23, 0.530, 231.42, -9.70, 0.528, 232.03, -9.82, 0.006, 344.54, -6.66);
insert into SHOT values (61, 50, 53, 23, 0.540, 303.42, 5.30, 0.543, 303.69, 5.28, 0.004, 342.49, 1.70);
insert into SHOT values (62, 50, 54, 23, 0.340, 217.02, -70.50, 0.340, 217.87, -70.39, 0.002, 290.31, 15.67);
insert into SHOT values (63, 50, 55, 23, 4.760, 119.32, 84.30, 4.753, 119.29, 84.32, 0.007, 304.44, -67.59);
insert into SHOT values (64, 50, 56, 23, 2.370, 132.32, 36.20, 2.369, 132.46, 36.23, 0.005, 239.94, 3.21);
insert into SHOT values (65, 50, 44, 23, 7.090, 104.42, 85.10, 7.107, 104.93, 84.99, 0.023, 124.28, 44.30);
insert into SHOT_FLAG values(65, 'dpl');
insert into SHOT values (66, 50, 57, 23, 7.920, 135.32, -23.60, 7.904, 135.45, -23.64, 0.023, 271.26, 1.89);
insert into SHOT values (67, 57, 58, 23, 2.050, 10.12, 18.70, 2.055, 10.04, 18.44, 0.011, 351.88, -40.43);
insert into SHOT values (68, 57, 59, 23, 0.530, 180.32, 26.00, 0.523, 180.00, 26.08, 0.007, 22.75, -18.74);
insert into SHOT values (69, 57, 60, 23, 1.650, 49.72, 79.70, 1.647, 50.44, 79.57, 0.006, 98.52, -34.39);
insert into SHOT values (70, 57, 61, 23, 0.350, 308.22, -82.90, 0.353, 315.00, -83.09, 0.006, 50.94, -27.60);
insert into SHOT values (71, 57, 50, 23, 7.890, 315.52, 23.70, 7.904, 315.45, 23.64, 0.019, 286.26, -4.16);
insert into SHOT_FLAG values(71, 'dpl');
insert into SHOT values (72, 57, 62, 23, 1.680, 32.12, 3.10, 1.678, 32.08, 3.07, 0.002, 248.56, -22.16);
insert into SHOT_FLAG values(72, 'srf');
insert into SHOT values (73, 57, 63, 23, 11.340, 95.82, -4.60, 11.345, 95.58, -4.90, 0.076, 5.92, -52.45);
insert into SHOT values (74, 63, 64, 23, 0.950, 37.22, 19.40, 0.944, 37.26, 19.16, 0.007, 209.56, -53.71);
insert into SHOT values (75, 63, 65, 23, 0.660, 190.12, 81.90, 0.658, 191.31, 81.08, 0.010, 203.41, -20.35);
insert into SHOT values (76, 63, 66, 23, 2.100, 222.42, -5.50, 2.105, 222.29, -5.45, 0.007, 179.46, 10.50);
insert into SHOT values (77, 63, 67, 23, 1.080, 257.52, -88.00, 1.081, 255.96, -87.81, 0.004, 239.89, -10.09);
insert into SHOT values (78, 63, 57, 23, 11.350, 275.42, 5.20, 11.345, 275.58, 4.90, 0.067, 4.86, -61.11);
insert into SHOT_FLAG values(78, 'dpl');
insert into SHOT values (79, 63, 68, 23, 5.880, 166.12, -11.60, 5.911, 166.49, -12.11, 0.072, 228.27, -53.62);
insert into SHOT values (80, 68, 69, 23, 0.670, 152.02, -3.80, 0.672, 151.53, -3.41, 0.008, 86.53, 34.67);
insert into SHOT values (81, 68, 70, 23, 3.010, 313.52, 6.60, 3.012, 313.51, 6.67, 0.005, 299.03, 62.67);
insert into SHOT values (82, 68, 71, 23, 0.620, 243.02, 76.80, 0.626, 239.74, 77.17, 0.011, 133.08, 37.07);
insert into SHOT values (83, 68, 72, 23, 0.580, 338.42, -86.10, 0.571, 341.57, -86.82, 0.012, 146.00, 47.04);
insert into SHOT values (84, 68, 63, 23, 5.940, 346.82, 12.50, 5.911, 346.49, 12.11, 0.060, 226.38, -49.98);
insert into SHOT_FLAG values(84, 'dpl');
insert into SHOT values (85, 68, 73, 23, 21.460, 263.72, 2.40, 21.478, 264.17, 2.27, 0.176, 347.22, -16.02);
insert into SHOT values (86, 73, 74, 23, 0.270, 200.82, -4.30, 0.266, 199.80, -4.30, 0.006, 73.77, 2.36);
insert into SHOT values (87, 73, 75, 23, 2.350, 4.92, 14.80, 2.347, 5.06, 14.81, 0.006, 125.55, -2.70);
insert into SHOT values (88, 73, 76, 23, 1.570, 209.82, 86.00, 1.564, 206.57, 85.90, 0.009, 138.17, -42.72);
insert into SHOT values (89, 73, 77, 23, 0.340, 299.62, -84.00, 0.342, 303.69, -83.95, 0.003, 20.19, -35.68);
insert into SHOT values (90, 73, 68, 23, 21.490, 84.62, -2.10, 21.478, 84.17, -2.27, 0.181, 349.47, -20.26);
insert into SHOT_FLAG values(90, 'dpl');
insert into SHOT values (91, 73, 78, 23, 7.270, 288.92, 8.40, 7.279, 289.04, 8.21, 0.029, 339.90, -49.02);
insert into SHOT values (92, 78, 79, 23, 0.900, 329.72, 23.00, 0.891, 330.00, 23.12, 0.010, 125.12, -9.96);
insert into SHOT values (93, 78, 80, 23, 0.700, 178.32, 61.10, 0.698, 178.32, 60.86, 0.003, 177.39, -56.79);
insert into SHOT values (94, 78, 81, 23, 2.180, 159.02, -7.10, 2.182, 158.89, -7.11, 0.005, 91.31, -5.73);
insert into SHOT values (95, 78, 82, 23, 0.800, 176.92, -81.70, 0.799, 175.24, -81.33, 0.006, 140.97, 15.05);
insert into SHOT values (96, 78, 83, 23, 2.280, 156.12, -12.50, 2.283, 156.19, -12.39, 0.006, 193.51, 36.41);
insert into SHOT_FLAG values(96, 'srf');
insert into SHOT values (97, 78, 73, 23, 7.290, 109.12, -8.10, 7.279, 109.04, -8.21, 0.021, 327.02, -37.46);
insert into SHOT_FLAG values(97, 'dpl');
insert into SHOT values (98, 78, 84, 23, 8.770, 174.62, -13.30, 8.788, 174.63, -13.42, 0.026, 180.77, -60.30);
insert into SHOT values (99, 84, 85, 23, 2.650, 59.12, 1.80, 2.647, 59.07, 1.73, 0.005, 280.43, -44.57);
insert into SHOT values (100, 84, 86, 23, 0.370, 238.02, 11.60, 0.370, 238.50, 10.90, 0.005, 307.35, -53.76);
insert into SHOT values (101, 84, 87, 23, 0.870, 83.72, 68.50, 0.868, 82.65, 68.90, 0.009, 306.42, 3.56);
insert into SHOT values (102, 84, 88, 23, 0.680, 47.82, -88.50, 0.680, 26.57, -88.12, 0.009, 338.37, -1.54);
insert into SHOT values (103, 84, 78, 23, 8.790, 354.72, 13.60, 8.788, 354.63, 13.42, 0.030, 281.06, -62.31);
insert into SHOT_FLAG values(103, 'dpl');
insert into SHOT values (104, 84, 89, 23, 18.830, 137.62, -14.70, 18.748, 138.02, -14.87, 0.161, 264.29, -11.39);
insert into SHOT values (105, 89, 90, 23, 0.750, 71.02, 17.00, 0.751, 71.31, 17.04, 0.004, 151.62, 11.00);
insert into SHOT values (106, 89, 91, 23, 4.600, 295.22, 6.80, 4.600, 295.27, 6.87, 0.007, 30.96, 50.90);
insert into SHOT values (107, 89, 92, 23, 1.140, 313.12, 77.20, 1.147, 313.36, 77.53, 0.010, 121.21, 58.58);
insert into SHOT values (108, 89, 93, 23, 0.540, 322.32, -81.20, 0.536, 320.19, -81.62, 0.007, 174.73, 33.98);
insert into SHOT values (109, 89, 84, 23, 18.680, 318.42, 15.00, 18.748, 318.02, 14.87, 0.150, 259.41, -9.50);
insert into SHOT_FLAG values(109, 'dpl');
insert into SHOT values (110, 89, 94, 23, 9.720, 282.42, 6.40, 9.715, 282.44, 6.26, 0.024, 54.12, -80.00);
insert into SHOT values (111, 94, 95, 23, 1.230, 202.82, 6.60, 1.223, 202.77, 6.58, 0.007, 32.04, -10.61);
insert into SHOT values (112, 94, 96, 23, 1.350, 11.32, 88.50, 1.351, 14.04, 88.25, 0.006, 29.80, 4.29);
insert into SHOT values (113, 94, 97, 23, 1.180, 17.72, 14.80, 1.183, 17.80, 14.68, 0.005, 40.06, -18.41);
insert into SHOT values (114, 94, 98, 23, 0.480, 208.52, -79.10, 0.477, 209.74, -80.27, 0.010, 18.90, 7.41);
insert into SHOT values (115, 94, 89, 23, 9.710, 102.52, -6.10, 9.715, 102.44, -6.26, 0.031, 19.32, -63.80);
insert into SHOT_FLAG values(115, 'dpl');
insert into SHOT values (116, 94, 99, 23, 15.950, 289.92, 12.20, 15.960, 289.95, 11.90, 0.086, 308.58, -69.95);
insert into SHOT values (117, 99, 100, 23, 0.690, 243.52, 7.60, 0.690, 243.06, 7.49, 0.006, 156.55, -12.87);
insert into SHOT values (118, 99, 101, 23, 0.630, 49.72, 57.90, 0.635, 51.07, 58.25, 0.010, 144.49, 38.58);
insert into SHOT values (119, 99, 102, 23, 3.040, 37.82, 20.10, 3.038, 37.87, 20.22, 0.007, 186.18, 45.52);
insert into SHOT values (120, 99, 103, 23, 0.350, 301.12, -66.60, 0.349, 300.26, -66.53, 0.002, 208.58, 30.07);
insert into SHOT values (121, 99, 104, 23, 3.070, 43.92, 6.80, 3.070, 44.07, 6.92, 0.010, 136.68, 39.29);
insert into SHOT_FLAG values(121, 'srf');
insert into SHOT values (122, 99, 105, 23, 3.070, 45.92, 6.50, 3.068, 45.93, 6.55, 0.003, 212.39, 47.03);
insert into SHOT values (123, 99, 94, 23, 15.970, 109.92, -11.60, 15.960, 109.95, -11.90, 0.084, 270.14, -70.56);
insert into SHOT_FLAG values(123, 'dpl');
insert into SHOT values (124, 99, 106, 23, 8.260, 314.42, 17.70, 8.265, 314.95, 17.46, 0.081, 32.82, -22.88);
insert into SHOT values (125, 106, 107, 23, 2.330, 210.52, -2.30, 2.333, 210.42, -2.21, 0.006, 152.37, 34.97);
insert into SHOT values (126, 106, 108, 23, 0.290, 22.92, 15.80, 0.293, 22.93, 15.82, 0.003, 23.93, 17.63);
insert into SHOT values (127, 106, 109, 23, 0.570, 188.32, 68.50, 0.571, 188.13, 68.19, 0.003, 176.00, -5.85);
insert into SHOT values (128, 106, 110, 23, 0.950, 223.32, -73.70, 0.949, 221.99, -73.53, 0.007, 154.03, 15.17);
insert into SHOT values (129, 106, 99, 23, 8.270, 135.52, -17.20, 8.265, 134.95, -17.46, 0.087, 33.81, -23.23);
insert into SHOT_FLAG values(129, 'dpl');
insert into SHOT values (130, 106, 111, 23, 9.880, 281.62, 15.10, 9.851, 281.70, 14.94, 0.042, 69.74, -53.61);
insert into SHOT values (131, 111, 112, 23, 1.290, 204.72, -3.30, 1.291, 204.78, -3.11, 0.004, 263.64, 71.34);
insert into SHOT values (132, 111, 113, 23, 0.820, 69.42, 78.30, 0.826, 68.20, 78.72, 0.009, 285.27, 50.11);
insert into SHOT values (133, 111, 114, 23, 1.730, 21.52, 8.70, 1.728, 21.30, 8.99, 0.011, 263.15, 48.46);
insert into SHOT values (134, 111, 115, 23, 0.710, 6.72, -74.40, 0.706, 6.01, -74.31, 0.005, 279.18, 58.31);
insert into SHOT values (135, 111, 106, 23, 9.840, 101.82, -14.80, 9.851, 101.70, -14.94, 0.033, 23.56, -52.18);
insert into SHOT_FLAG values(135, 'dpl');
insert into SHOT values (136, 111, 116, 23, 6.700, 300.62, 29.70, 6.703, 301.59, 29.69, 0.098, 29.42, 0.25);
insert into SHOT values (137, 116, 117, 23, 1.810, 144.02, -12.40, 1.805, 144.24, -12.48, 0.009, 273.55, -8.80);
insert into SHOT values (138, 116, 118, 23, 0.870, 341.72, 12.00, 0.873, 341.57, 11.90, 0.004, 302.38, -13.60);
insert into SHOT values (139, 116, 119, 23, 0.610, 93.92, 83.00, 0.604, 90.00, 83.35, 0.009, 320.66, -39.68);
insert into SHOT values (140, 116, 120, 23, 1.320, 186.12, -86.80, 1.322, 188.13, -86.93, 0.004, 326.70, -27.79);
insert into SHOT values (141, 116, 111, 23, 6.700, 122.52, -29.60, 6.703, 121.59, -29.69, 0.095, 30.31, -6.37);
insert into SHOT_FLAG values(141, 'dpl');
insert into SHOT values (142, 116, 121, 23, 6.680, 120.62, -29.50, 6.677, 120.63, -29.52, 0.004, 292.13, -9.78);
insert into SHOT values (143, 116, 122, 23, 6.690, 122.82, -29.70, 6.690, 122.84, -29.75, 0.006, 264.85, -56.60);
insert into SHOT values (144, 116, 123, 23, 7.040, 219.02, -7.20, 7.059, 219.03, -7.24, 0.020, 222.80, -22.44);
insert into SHOT values (145, 123, 124, 23, 1.790, 182.42, 4.80, 1.788, 182.57, 4.81, 0.005, 294.52, 2.42);
insert into SHOT values (146, 123, 125, 23, 0.940, 307.22, 87.60, 0.941, 315.00, 87.42, 0.006, 12.26, 7.42);
insert into SHOT values (147, 123, 126, 23, 2.520, 350.32, 19.40, 2.527, 350.34, 19.41, 0.008, 357.13, 23.10);
insert into SHOT values (148, 123, 127, 23, 0.320, 28.72, -84.20, 0.322, 33.69, -83.57, 0.005, 69.81, -19.02);
insert into SHOT values (149, 123, 116, 23, 7.070, 39.02, 7.30, 7.059, 39.03, 7.24, 0.013, 211.86, -40.44);
insert into SHOT_FLAG values(149, 'dpl');
insert into SHOT values (150, 123, 128, 23, 17.190, 320.82, 22.00, 17.163, 320.63, 21.79, 0.088, 229.57, -52.27);
insert into SHOT values (151, 128, 129, 23, 2.090, 203.92, -2.00, 2.092, 203.99, -1.92, 0.004, 257.69, 42.90);
insert into SHOT values (152, 128, 130, 23, 0.590, 12.82, -7.90, 0.590, 12.85, -7.79, 0.001, 62.58, 71.51);
insert into SHOT values (153, 128, 131, 23, 0.890, 252.82, -80.30, 0.882, 254.05, -80.50, 0.009, 37.26, 53.46);
insert into SHOT values (154, 128, 123, 23, 17.140, 140.42, -21.60, 17.163, 140.63, -21.79, 0.083, 229.69, -46.38);
insert into SHOT_FLAG values(154, 'dpl');
insert into SHOT values (155, 128, 132, 23, 11.240, 283.52, 13.10, 11.227, 283.91, 12.97, 0.080, 18.85, -20.28);
insert into SHOT values (156, 132, 133, 23, 1.010, 191.82, -3.60, 1.014, 191.98, -3.39, 0.006, 226.23, 35.07);
insert into SHOT values (157, 132, 134, 23, 2.020, 11.52, 5.30, 2.019, 11.48, 5.40, 0.004, 243.67, 60.89);
insert into SHOT values (158, 132, 135, 23, 1.220, 209.22, -85.00, 1.225, 206.57, -84.76, 0.009, 165.17, -31.93);
insert into SHOT values (159, 132, 136, 23, 0.310, 65.02, 59.20, 0.310, 66.80, 60.57, 0.009, 208.92, 24.86);
insert into SHOT values (160, 132, 128, 23, 11.210, 104.22, -12.80, 11.227, 103.91, -12.97, 0.070, 23.04, -31.22);
insert into SHOT_FLAG values(160, 'dpl');
insert into SHOT values (161, 132, 137, 23, 1.830, 338.02, -16.10, 1.831, 337.96, -16.17, 0.003, 257.40, -51.71);
insert into SHOT values (162, 132, 138, 23, 1.940, 337.72, -16.00, 1.938, 337.57, -16.18, 0.008, 207.95, -39.57);
insert into SHOT values (163, 132, 139, 23, 1.810, 338.52, -16.30, 1.806, 338.32, -16.40, 0.008, 210.43, -14.61);
insert into SHOT_FLAG values(163, 'srf');
insert into SHOT values (164, 132, 140, 23, 14.770, 315.32, 12.80, 14.767, 315.11, 12.36, 0.126, 248.06, -63.17);
insert into SHOT values (165, 140, 141, 23, 1.030, 255.62, 1.50, 1.034, 255.43, 1.66, 0.006, 211.31, 31.16);
insert into SHOT values (166, 140, 142, 23, 2.960, 56.82, 20.20, 2.955, 56.77, 20.19, 0.005, 266.91, -22.50);
insert into SHOT values (167, 140, 143, 23, 0.930, 43.32, 80.30, 0.932, 42.27, 80.82, 0.009, 241.94, 21.18);
insert into SHOT values (168, 140, 144, 23, 0.210, 295.92, -77.20, 0.217, 291.80, -75.62, 0.010, 267.63, -32.59);
insert into SHOT values (169, 140, 132, 23, 14.770, 134.92, -11.90, 14.767, 135.11, -12.36, 0.127, 254.70, -64.04);
insert into SHOT_FLAG values(169, 'dpl');
insert into SHOT values (170, 140, 145, 23, 22.310, 329.82, 22.90, 22.350, 331.01, 22.05, 0.543, 39.47, -32.43);
insert into SHOT values (171, 145, 146, 23, 2.550, 232.02, -16.00, 2.551, 231.96, -16.16, 0.008, 126.44, -69.68);
insert into SHOT values (172, 145, 147, 23, 0.910, 38.42, 8.80, 0.915, 38.26, 8.80, 0.006, 12.04, 8.02);
insert into SHOT values (173, 145, 148, 23, 0.240, 155.12, 84.70, 0.241, 153.43, 84.68, 0.001, 80.59, 56.37);
insert into SHOT values (174, 145, 149, 23, 1.360, 257.52, -72.00, 1.366, 257.62, -72.11, 0.007, 22.24, -82.35);
insert into SHOT values (175, 145, 140, 23, 22.380, 152.22, -21.20, 22.350, 151.01, -22.05, 0.551, 42.78, -32.60);
insert into SHOT_FLAG values(175, 'dpl');
insert into SHOT values (176, 145, 150, 23, 7.670, 292.92, 10.20, 7.763, 292.94, 10.01, 0.096, 294.70, -4.91);
insert into SHOT values (177, 150, 151, 23, 7.820, 293.12, 10.20, 7.820, 293.10, 10.16, 0.006, 219.76, -60.31);
insert into SHOT values (178, 150, 152, 23, 0.440, 214.62, 2.10, 0.438, 214.78, 1.31, 0.006, 354.20, -73.12);
insert into SHOT values (179, 150, 153, 23, 3.000, 30.12, 5.70, 2.998, 30.17, 5.55, 0.008, 136.41, -70.08);
insert into SHOT values (180, 150, 154, 23, 0.750, 159.92, 85.40, 0.742, 158.20, 85.84, 0.010, 354.28, -49.29);
insert into SHOT values (181, 150, 155, 23, 0.550, 279.12, -70.00, 0.554, 278.97, -69.70, 0.005, 272.45, -36.58);
insert into SHOT values (182, 150, 156, 23, 2.670, 29.42, 2.50, 2.675, 29.35, 2.36, 0.009, 357.44, -44.64);
insert into SHOT_FLAG values(182, 'srf');
insert into SHOT values (183, 150, 145, 23, 7.860, 112.92, -9.80, 7.763, 112.94, -10.01, 0.101, 291.22, -6.89);
insert into SHOT_FLAG values(183, 'dpl');
insert into SHOT values (184, 150, 157, 23, 7.750, 302.12, 10.70, 7.741, 302.40, 10.34, 0.061, 32.33, -53.15);
insert into SHOT values (185, 157, 158, 23, 2.140, 145.42, -15.70, 2.144, 145.46, -15.70, 0.004, 168.75, -13.32);
insert into SHOT values (186, 157, 159, 23, 2.010, 327.42, 25.30, 2.006, 327.36, 25.07, 0.009, 229.78, -77.78);
insert into SHOT values (187, 157, 160, 23, 0.770, 162.52, 62.20, 0.768, 162.07, 62.28, 0.003, 40.08, -18.79);
insert into SHOT values (188, 157, 161, 23, 0.790, 157.32, -86.10, 0.792, 158.20, -86.10, 0.002, 239.51, -65.52);
insert into SHOT values (189, 157, 150, 23, 7.730, 122.62, -10.00, 7.741, 122.40, -10.34, 0.056, 37.57, -57.91);
insert into SHOT_FLAG values(189, 'dpl');
insert into SHOT values (190, 157, 162, 23, 20.450, 153.92, -17.40, 20.475, 153.79, -17.80, 0.153, 39.84, -71.41);
insert into SHOT values (191, 162, 163, 23, 1.960, 63.62, -3.80, 1.959, 63.57, -3.81, 0.002, 297.27, -2.57);
insert into SHOT values (192, 162, 164, 23, 0.670, 28.42, 82.10, 0.668, 29.05, 81.13, 0.012, 34.41, -18.44);
insert into SHOT values (193, 162, 165, 23, 0.550, 145.72, -17.90, 0.551, 145.10, -17.96, 0.006, 64.70, -9.39);
insert into SHOT values (194, 162, 166, 23, 4.580, 323.22, 13.30, 4.580, 323.21, 13.25, 0.004, 272.74, -69.90);
insert into SHOT values (195, 162, 167, 23, 1.110, 340.72, 85.30, 1.104, 341.57, 85.07, 0.008, 0.42, -56.50);
insert into SHOT values (196, 162, 168, 23, 0.830, 337.52, -73.80, 0.835, 337.75, -73.45, 0.007, 346.39, -25.47);
insert into SHOT values (197, 162, 157, 23, 20.490, 333.62, 18.20, 20.475, 333.79, 17.80, 0.154, 36.60, -65.15);
insert into SHOT_FLAG values(197, 'dpl');
insert into SHOT values (198, 162, 169, 23, 6.030, 290.32, 13.70, 6.046, 290.41, 13.49, 0.029, 313.89, -38.97);
insert into SHOT values (199, 169, 170, 23, 2.900, 158.02, -18.30, 2.897, 158.01, -18.31, 0.003, 351.00, 10.08);
insert into SHOT values (200, 169, 171, 23, 0.900, 268.92, 9.60, 0.903, 269.36, 9.57, 0.007, 337.66, -0.72);
insert into SHOT values (201, 169, 172, 23, 1.320, 204.62, -84.50, 1.316, 208.61, -84.54, 0.010, 304.51, 23.91);
insert into SHOT values (202, 169, 173, 23, 0.240, 185.42, 66.30, 0.238, 186.34, 67.63, 0.006, 351.64, 2.26);
insert into SHOT values (203, 169, 162, 23, 6.070, 110.42, -13.30, 6.046, 110.41, -13.49, 0.031, 293.05, -25.72);
insert into SHOT_FLAG values(203, 'dpl');
insert into SHOT values (204, 169, 174, 23, 5.820, 181.32, -22.70, 5.824, 181.39, -22.73, 0.008, 250.25, -31.12);
insert into SHOT_FLAG values(204, 'srf');
insert into SHOT values (205, 169, 175, 23, 10.360, 166.52, -22.50, 10.337, 166.74, -22.58, 0.045, 293.34, -6.88);
insert into SHOT values (206, 175, 176, 23, 2.200, 63.72, 7.80, 2.203, 63.90, 7.83, 0.008, 131.83, 10.68);
insert into SHOT values (207, 175, 177, 23, 0.320, 216.22, 33.90, 0.326, 216.03, 33.49, 0.007, 208.10, 13.20);
insert into SHOT values (208, 175, 178, 23, 1.120, 77.82, 56.60, 1.123, 77.77, 56.85, 0.006, 268.37, 61.83);
insert into SHOT values (209, 175, 179, 23, 0.790, 44.12, -66.30, 0.787, 43.73, -66.15, 0.004, 332.60, 55.67);
insert into SHOT values (210, 175, 169, 23, 10.320, 346.92, 22.60, 10.337, 346.74, 22.58, 0.035, 285.90, 6.60);
insert into SHOT_FLAG values(210, 'dpl');
insert into SHOT values (211, 175, 180, 23, 7.810, 135.92, -11.50, 7.814, 136.16, -11.67, 0.040, 227.33, -35.08);
insert into SHOT values (212, 180, 181, 23, 1.170, 14.52, -8.90, 1.171, 14.52, -8.84, 0.001, 10.37, 44.60);
insert into SHOT values (213, 180, 182, 23, 0.980, 173.02, 12.30, 0.979, 173.40, 12.38, 0.006, 273.68, 10.94);
insert into SHOT values (214, 180, 183, 23, 0.870, 78.22, 77.00, 0.872, 78.11, 77.13, 0.003, 271.69, 55.38);
insert into SHOT values (215, 180, 184, 23, 0.670, 259.42, -83.40, 0.675, 262.87, -83.14, 0.007, 313.90, -36.64);
insert into SHOT values (216, 180, 175, 23, 7.810, 316.42, 11.90, 7.814, 316.16, 11.67, 0.047, 243.13, -40.52);
insert into SHOT_FLAG values(216, 'dpl');
insert into SHOT values (217, 180, 185, 23, 5.910, 232.32, 5.10, 5.876, 232.91, 4.98, 0.071, 350.75, -12.54);
insert into SHOT values (218, 185, 186, 23, 1.120, 145.62, -12.00, 1.127, 145.73, -12.30, 0.009, 166.67, -49.91);
insert into SHOT values (219, 185, 187, 23, 2.390, 13.22, 0.80, 2.394, 13.28, 0.72, 0.006, 44.18, -34.11);
insert into SHOT values (220, 185, 188, 23, 1.000, 333.92, -85.40, 1.003, 336.80, -85.64, 0.006, 111.15, -29.75);
insert into SHOT values (221, 185, 189, 23, 0.850, 53.92, 71.20, 0.845, 53.97, 71.22, 0.005, 226.47, -67.65);
insert into SHOT values (222, 185, 180, 23, 5.840, 53.42, -4.80, 5.876, 52.91, -4.98, 0.066, 357.00, -18.98);
insert into SHOT_FLAG values(222, 'dpl');
insert into SHOT values (223, 185, 190, 23, 1.230, 266.52, 33.60, 1.219, 267.17, 33.92, 0.018, 45.98, -2.19);
insert into SHOT values (224, 190, 185, 23, 1.220, 88.32, -34.20, 1.219, 87.17, -33.92, 0.021, 3.91, 15.67);
insert into MAPS values (25, 0, '', NULL, 1, 322.850, -34.980);
 insert into MAPITEMS values (25, 4, 0);
 insert into SCRAPS values (0, 0, '', 1, 0.00000, 0.00000);
 insert into STATION values (1, '0', 21, 697117.75, 205321.79, 754.70);
insert into STATION values (2, 'A', 21, 697116.69, 205320.13, 754.47);
insert into STATION values (3, '1', 21, 697117.15, 205317.52, 751.10);
insert into STATION values (4, '.', 21, 697115.90, 205318.80, 751.35);
insert into STATION values (5, '.', 21, 697117.08, 205317.61, 752.06);
insert into STATION values (6, '.', 21, 697117.13, 205317.53, 750.56);
insert into STATION values (7, '.', 21, 697117.82, 205321.79, 754.67);
insert into STATION values (8, '.', 21, 697117.63, 205321.74, 754.76);
insert into STATION values (9, '2', 21, 697113.48, 205314.07, 751.29);
insert into STATION values (10, '.', 21, 697114.51, 205313.33, 751.34);
insert into STATION values (11, '.', 21, 697113.34, 205314.14, 751.29);
insert into STATION values (12, '.', 21, 697113.64, 205314.06, 750.46);
insert into STATION values (13, '.', 21, 697113.56, 205313.99, 751.99);
insert into STATION values (14, '3', 21, 697113.04, 205312.41, 750.83);
insert into STATION values (15, '.', 21, 697113.40, 205311.73, 750.99);
insert into STATION values (16, '.', 21, 697111.87, 205313.36, 750.96);
insert into STATION values (17, '.', 21, 697112.19, 205312.11, 751.48);
insert into STATION values (18, '.', 21, 697113.18, 205312.61, 750.54);
insert into STATION values (19, '4', 21, 697111.72, 205314.78, 746.71);
insert into STATION values (20, '.', 21, 697111.00, 205313.25, 746.99);
insert into STATION values (21, '.', 21, 697111.76, 205315.07, 746.71);
insert into STATION values (22, '.', 21, 697111.69, 205314.75, 747.71);
insert into STATION values (23, '.', 21, 697111.65, 205314.86, 746.43);
insert into STATION values (24, '.', 21, 697113.79, 205311.07, 753.09);
insert into STATION values (25, '5', 21, 697107.78, 205313.23, 746.70);
insert into STATION values (26, '.', 21, 697108.15, 205314.25, 746.94);
insert into STATION values (27, '.', 21, 697107.84, 205313.01, 748.61);
insert into STATION values (28, '.', 21, 697108.09, 205313.52, 745.84);
insert into STATION values (29, '6', 21, 697111.52, 205306.32, 749.12);
insert into STATION values (30, '.', 21, 697111.91, 205306.26, 749.09);
insert into STATION values (31, '.', 21, 697111.05, 205306.44, 749.80);
insert into STATION values (32, '.', 21, 697111.50, 205306.42, 747.82);
insert into STATION values (33, 'B', 21, 697109.70, 205306.81, 748.87);
insert into STATION values (34, '7', 21, 697108.51, 205305.29, 749.04);
insert into STATION values (35, '.', 21, 697108.42, 205305.16, 749.04);
insert into STATION values (36, '.', 21, 697108.51, 205306.20, 749.07);
insert into STATION values (37, '.', 21, 697108.66, 205305.76, 746.88);
insert into STATION values (38, '8', 21, 697105.64, 205306.94, 746.57);
insert into STATION values (39, '.', 21, 697105.55, 205307.77, 746.91);
insert into STATION values (40, '.', 21, 697105.25, 205306.21, 746.58);
insert into STATION values (41, '.', 21, 697104.81, 205306.80, 748.84);
insert into STATION values (42, '.', 21, 697105.68, 205307.11, 746.60);
insert into STATION values (43, '.', 21, 697105.50, 205306.73, 745.02);
insert into STATION values (44, '9', 21, 697101.68, 205306.61, 742.65);
insert into STATION values (45, '.', 21, 697101.63, 205306.42, 742.64);
insert into STATION values (46, '.', 21, 697101.72, 205307.51, 742.71);
insert into STATION values (47, '.', 21, 697101.30, 205306.79, 745.27);
insert into STATION values (48, '.', 21, 697101.82, 205306.33, 739.11);
insert into STATION values (49, '.', 21, 697099.85, 205307.54, 742.67);
insert into STATION values (50, '10', 21, 697101.08, 205306.77, 735.57);
insert into STATION values (51, '.', 21, 697101.27, 205306.97, 735.61);
insert into STATION values (52, '.', 21, 697100.67, 205306.45, 735.48);
insert into STATION values (53, '.', 21, 697100.63, 205307.07, 735.62);
insert into STATION values (54, '.', 21, 697101.01, 205306.68, 735.25);
insert into STATION values (55, '.', 21, 697101.49, 205306.54, 740.30);
insert into STATION values (56, '.', 21, 697102.49, 205305.48, 736.97);
insert into STATION values (57, '11', 21, 697106.16, 205301.61, 732.40);
insert into STATION values (58, '.', 21, 697106.50, 205303.53, 733.05);
insert into STATION values (59, '.', 21, 697106.16, 205301.14, 732.63);
insert into STATION values (60, '.', 21, 697106.39, 205301.80, 734.02);
insert into STATION values (61, '.', 21, 697106.13, 205301.64, 732.05);
insert into STATION values (62, 'C', 21, 697107.05, 205303.03, 732.49);
insert into STATION values (63, '12', 21, 697117.41, 205300.51, 731.43);
insert into STATION values (64, '.', 21, 697117.95, 205301.22, 731.74);
insert into STATION values (65, '.', 21, 697117.39, 205300.41, 732.08);
insert into STATION values (66, '.', 21, 697116.00, 205298.96, 731.23);
insert into STATION values (67, '.', 21, 697117.37, 205300.50, 730.35);
insert into STATION values (68, '13', 21, 697118.76, 205294.89, 730.19);
insert into STATION values (69, '.', 21, 697119.08, 205294.30, 730.15);
insert into STATION values (70, '.', 21, 697116.59, 205296.95, 730.54);
insert into STATION values (71, '.', 21, 697118.64, 205294.82, 730.80);
insert into STATION values (72, '.', 21, 697118.75, 205294.92, 729.62);
insert into STATION values (73, '14', 21, 697097.41, 205292.71, 731.04);
insert into STATION values (74, '.', 21, 697097.32, 205292.46, 731.02);
insert into STATION values (75, '.', 21, 697097.61, 205294.97, 731.64);
insert into STATION values (76, '.', 21, 697097.36, 205292.61, 732.60);
insert into STATION values (77, '.', 21, 697097.38, 205292.73, 730.70);
insert into STATION values (78, '15', 21, 697090.60, 205295.06, 732.08);
insert into STATION values (79, '.', 21, 697090.19, 205295.77, 732.43);
insert into STATION values (80, '.', 21, 697090.61, 205294.72, 732.69);
insert into STATION values (81, '.', 21, 697091.38, 205293.04, 731.81);
insert into STATION values (82, '.', 21, 697090.61, 205294.94, 731.29);
insert into STATION values (83, 'D', 21, 697091.50, 205293.02, 731.59);
insert into STATION values (84, '16', 21, 697091.40, 205286.55, 730.04);
insert into STATION values (85, '.', 21, 697093.67, 205287.91, 730.12);
insert into STATION values (86, '.', 21, 697091.09, 205286.36, 730.11);
insert into STATION values (87, '.', 21, 697091.71, 205286.59, 730.85);
insert into STATION values (88, '.', 21, 697091.41, 205286.57, 729.36);
insert into STATION values (89, '17', 21, 697103.52, 205273.08, 725.23);
insert into STATION values (90, '.', 21, 697104.20, 205273.31, 725.45);
insert into STATION values (91, '.', 21, 697099.39, 205275.03, 725.78);
insert into STATION values (92, '.', 21, 697103.34, 205273.25, 726.35);
insert into STATION values (93, '.', 21, 697103.47, 205273.14, 724.70);
insert into STATION values (94, '18', 21, 697094.09, 205275.16, 726.29);
insert into STATION values (95, '.', 21, 697093.62, 205274.04, 726.43);
insert into STATION values (96, '.', 21, 697094.10, 205275.20, 727.64);
insert into STATION values (97, '.', 21, 697094.44, 205276.25, 726.59);
insert into STATION values (98, '.', 21, 697094.05, 205275.09, 725.82);
insert into STATION values (99, '19', 21, 697079.41, 205280.49, 729.58);
insert into STATION values (100, '.', 21, 697078.80, 205280.18, 729.67);
insert into STATION values (101, '.', 21, 697079.67, 205280.70, 730.12);
insert into STATION values (102, '.', 21, 697081.16, 205282.74, 730.63);
insert into STATION values (103, '.', 21, 697079.29, 205280.56, 729.26);
insert into STATION values (104, 'E', 21, 697081.53, 205282.68, 729.95);
insert into STATION values (105, '.', 21, 697081.60, 205282.61, 729.93);
insert into STATION values (106, '20', 21, 697073.83, 205286.06, 732.06);
insert into STATION values (107, '.', 21, 697072.65, 205284.05, 731.97);
insert into STATION values (108, '.', 21, 697073.94, 205286.32, 732.14);
insert into STATION values (109, '.', 21, 697073.80, 205285.85, 732.59);
insert into STATION values (110, '.', 21, 697073.65, 205285.86, 731.15);
insert into STATION values (111, '21', 21, 697064.51, 205287.99, 734.60);
insert into STATION values (112, '.', 21, 697063.97, 205286.82, 734.53);
insert into STATION values (113, '.', 21, 697064.66, 205288.05, 735.41);
insert into STATION values (114, '.', 21, 697065.13, 205289.58, 734.87);
insert into STATION values (115, '.', 21, 697064.53, 205288.18, 733.92);
insert into STATION values (116, '22', 21, 697059.55, 205291.04, 737.92);
insert into STATION values (117, '.', 21, 697060.58, 205289.61, 737.53);
insert into STATION values (118, '.', 21, 697059.28, 205291.85, 738.10);
insert into STATION values (119, '.', 21, 697059.62, 205291.04, 738.52);
insert into STATION values (120, '.', 21, 697059.54, 205290.97, 736.60);
insert into STATION values (121, '.', 21, 697064.55, 205288.08, 734.63);
insert into STATION values (122, '.', 21, 697064.43, 205287.89, 734.60);
insert into STATION values (123, '23', 21, 697055.14, 205285.60, 737.03);
insert into STATION values (124, '.', 21, 697055.06, 205283.82, 737.18);
insert into STATION values (125, '.', 21, 697055.11, 205285.63, 737.97);
insert into STATION values (126, '.', 21, 697054.74, 205287.95, 737.87);
insert into STATION values (127, '.', 21, 697055.16, 205285.63, 736.71);
insert into STATION values (128, '24', 21, 697045.03, 205297.92, 743.40);
insert into STATION values (129, '.', 21, 697044.18, 205296.01, 743.33);
insert into STATION values (130, '.', 21, 697045.16, 205298.49, 743.32);
insert into STATION values (131, '.', 21, 697044.89, 205297.88, 742.53);
insert into STATION values (132, '25', 21, 697034.41, 205300.55, 745.92);
insert into STATION values (133, '.', 21, 697034.20, 205299.56, 745.86);
insert into STATION values (134, '.', 21, 697034.81, 205302.52, 746.11);
insert into STATION values (135, '.', 21, 697034.36, 205300.45, 744.70);
insert into STATION values (136, '.', 21, 697034.55, 205300.61, 746.19);
insert into STATION values (137, '.', 21, 697033.75, 205302.18, 745.41);
insert into STATION values (138, '.', 21, 697033.70, 205302.27, 745.38);
insert into STATION values (139, 'F', 21, 697033.77, 205302.16, 745.41);
insert into STATION values (140, '26', 21, 697024.23, 205310.77, 749.08);
insert into STATION values (141, '.', 21, 697023.23, 205310.51, 749.11);
insert into STATION values (142, '.', 21, 697026.55, 205312.29, 750.10);
insert into STATION values (143, '.', 21, 697024.33, 205310.88, 750.00);
insert into STATION values (144, '.', 21, 697024.18, 205310.79, 748.87);
insert into STATION values (145, '27', 21, 697014.19, 205328.89, 757.47);
insert into STATION values (146, '.', 21, 697012.26, 205327.38, 756.76);
insert into STATION values (147, '.', 21, 697014.75, 205329.60, 757.61);
insert into STATION values (148, '.', 21, 697014.20, 205328.87, 757.71);
insert into STATION values (149, '.', 21, 697013.78, 205328.80, 756.17);
insert into STATION values (150, '28', 21, 697007.15, 205331.87, 758.82);
insert into STATION values (151, '.', 21, 697000.07, 205334.89, 760.20);
insert into STATION values (152, '.', 21, 697006.90, 205331.51, 758.83);
insert into STATION values (153, '.', 21, 697008.65, 205334.45, 759.11);
insert into STATION values (154, '.', 21, 697007.17, 205331.82, 759.56);
insert into STATION values (155, '.', 21, 697006.96, 205331.90, 758.30);
insert into STATION values (156, 'G', 21, 697008.46, 205334.20, 758.93);
insert into STATION values (157, '29', 21, 697000.72, 205335.95, 760.21);
insert into STATION values (158, '.', 21, 697001.89, 205334.25, 759.63);
insert into STATION values (159, '.', 21, 696999.74, 205337.48, 761.06);
insert into STATION values (160, '.', 21, 697000.83, 205335.61, 760.89);
insert into STATION values (161, '.', 21, 697000.74, 205335.90, 759.42);
insert into STATION values (162, '30', 21, 697009.33, 205318.46, 753.95);
insert into STATION values (163, '.', 21, 697011.08, 205319.33, 753.82);
insert into STATION values (164, '.', 21, 697009.38, 205318.55, 754.61);
insert into STATION values (165, '.', 21, 697009.63, 205318.03, 753.78);
insert into STATION values (166, '.', 21, 697006.66, 205322.03, 755.00);
insert into STATION values (167, '.', 21, 697009.30, 205318.55, 755.05);
insert into STATION values (168, '.', 21, 697009.24, 205318.68, 753.15);
insert into STATION values (169, '31', 21, 697003.82, 205320.51, 755.36);
insert into STATION values (170, '.', 21, 697004.85, 205317.96, 754.45);
insert into STATION values (171, '.', 21, 697002.93, 205320.50, 755.51);
insert into STATION values (172, '.', 21, 697003.76, 205320.40, 754.05);
insert into STATION values (173, '.', 21, 697003.81, 205320.42, 755.58);
insert into STATION values (174, 'H', 21, 697003.69, 205315.14, 753.11);
insert into STATION values (175, '32', 21, 697006.01, 205311.22, 751.39);
insert into STATION values (176, '.', 21, 697007.97, 205312.18, 751.69);
insert into STATION values (177, '.', 21, 697005.85, 205311.00, 751.57);
insert into STATION values (178, '.', 21, 697006.61, 205311.35, 752.33);
insert into STATION values (179, '.', 21, 697006.23, 205311.45, 750.67);
insert into STATION values (180, '33', 21, 697011.31, 205305.70, 749.81);
insert into STATION values (181, '.', 21, 697011.60, 205306.82, 749.63);
insert into STATION values (182, '.', 21, 697011.42, 205304.75, 750.02);
insert into STATION values (183, '.', 21, 697011.50, 205305.74, 750.66);
insert into STATION values (184, '.', 21, 697011.23, 205305.69, 749.14);
insert into STATION values (185, '34', 21, 697006.64, 205302.17, 750.32);
insert into STATION values (186, '.', 21, 697007.26, 205301.26, 750.08);
insert into STATION values (187, '.', 21, 697007.19, 205304.50, 750.35);
insert into STATION values (188, '.', 21, 697006.61, 205302.24, 749.32);
insert into STATION values (189, '.', 21, 697006.86, 205302.33, 751.12);
insert into STATION values (190, '35', 21, 697005.63, 205302.12, 751.00);
insert into STATION_FLAG values(190, 'fix');
