create table SURVEY (ID integer, PARENT_ID integer, NAME varchar(7), FULL_NAME varchar(7), TITLE varchar(9));
create table CENTRELINE (ID integer, SURVEY_ID integer, TITLE varchar(4), TOPO_DATE date, EXPLO_DATE date, LENGTH real, SURFACE_LENGTH real, DUPLICATE_LENGTH real);
create table PERSON (ID integer, NAME varchar(10), SURNAME varchar(11));
create table EXPLO (PERSON_ID integer, CENTRELINE_ID integer);
create table TOPO (PERSON_ID integer, CENTRELINE_ID integer);
create table STATION (ID integer, NAME varchar(9), SURVEY_ID integer, X real, Y real, Z real);
create table STATION_FLAG (STATION_ID integer, FLAG char(3));
create table SHOT (ID integer, FROM_ID integer, TO_ID integer, CENTRELINE_ID integer, LENGTH real, BEARING real, GRADIENT real, ADJ_LENGTH real, ADJ_BEARING real, ADJ_GRADIENT real, ERR_LENGTH real, ERR_BEARING real, ERR_GRADIENT real);
create table SHOT_FLAG (SHOT_ID integer, FLAG char(3));
create table MAPS (ID integer, SURVEY_ID integer, NAME varchar(7), TITLE varchar(9), PROJID integer, LENGTH real, DEPTH real);
create table SCRAPS (ID integer, SURVEY_ID integer, NAME varchar(7), PROJID integer, MAX_DISTORTION real, AVG_DISTORTION real);
create table MAPITEMS (ID integer, TYPE integer, ITEMID integer);
insert into SURVEY values (1, 0, '', '', NULL);
 insert into CENTRELINE values (2, 1, NULL, NULL, NULL, 0.00, 0.00, 0.00);
 insert into SURVEY values (19, 1, 'Lekinka', 'Lekinka', 'Lekinka');
 insert into CENTRELINE values (20, 19, NULL, NULL, NULL, 0.00, 0.00, 0.00);
 insert into CENTRELINE values (21, 19, NULL, '2024-05-02', NULL, 231.97, 24.50, 232.06);
 insert into PERSON values (1, 'Ilan', 'D''Adrian');
insert into TOPO values (1, 21);
 insert into PERSON values (2, NULL, 'Matija');
insert into TOPO values (2, 21);
 insert into PERSON values (3, 'Tanguy', 'Racine');
insert into TOPO values (3, 21);
 insert into PERSON values (4, 'Philippe', 'Renard');
insert into TOPO values (4, 21);
 insert into SHOT values (1, 1, 2, 21, 1.890, 285.39, 9.50, 1.882, 285.31, 9.48, 0.009, 122.32, -12.71);
insert into SHOT_FLAG values(1, 'srf');
insert into SHOT values (2, 1, 3, 21, 1.810, 288.09, -32.20, 1.801, 287.96, -32.20, 0.009, 132.81, 29.13);
insert into SHOT values (3, 1, 4, 21, 2.060, 283.69, 8.70, 2.061, 283.63, 8.65, 0.003, 220.10, -34.02);
insert into SHOT values (4, 1, 5, 21, 2.010, 269.49, 79.60, 2.012, 268.41, 79.69, 0.008, 157.26, 22.43);
insert into SHOT values (5, 1, 6, 21, 0.210, 110.79, -6.40, 0.216, 111.80, -5.30, 0.008, 140.51, 23.89);
insert into SHOT values (6, 1, 7, 21, 0.950, 110.39, -88.40, 0.951, 108.43, -88.09, 0.005, 98.41, -4.08);
insert into SHOT values (7, 1, 8, 21, 11.340, 338.19, 2.50, 11.333, 338.17, 2.53, 0.010, 181.68, 33.72);
insert into SHOT values (8, 1, 9, 21, 11.390, 336.79, 2.70, 11.383, 336.79, 2.72, 0.008, 144.59, 24.17);
insert into SHOT values (9, 1, 10, 21, 11.410, 338.49, 2.40, 11.405, 338.48, 2.41, 0.006, 174.14, 20.75);
insert into SHOT values (10, 1, 11, 21, 11.360, 337.89, 2.60, 11.365, 338.02, 2.37, 0.053, 53.14, -58.79);
insert into SHOT values (11, 1, 12, 21, 11.380, 336.69, 2.60, 11.380, 336.68, 2.62, 0.004, 263.05, 76.73);
insert into SHOT values (12, 11, 13, 21, 11.380, 159.19, -2.20, 11.380, 159.19, -2.22, 0.003, 233.09, -76.02);
insert into SHOT values (13, 11, 14, 21, 11.380, 157.09, -2.20, 11.377, 157.07, -2.22, 0.006, 30.82, -31.98);
insert into SHOT values (14, 11, 1, 21, 11.380, 158.19, -2.10, 11.365, 158.02, -2.37, 0.065, 40.75, -55.02);
insert into SHOT_FLAG values(14, 'dpl');
insert into SHOT values (15, 11, 15, 21, 1.350, 111.79, 75.40, 1.354, 110.56, 75.38, 0.008, 32.49, 25.69);
insert into SHOT values (16, 11, 16, 21, 3.600, 112.29, 61.80, 3.599, 112.05, 61.73, 0.008, 48.84, -18.97);
insert into SHOT values (17, 11, 17, 21, 2.110, 120.39, -0.80, 2.111, 120.45, -0.81, 0.003, 179.51, -10.92);
insert into SHOT values (18, 11, 18, 21, 2.010, 260.89, -83.60, 2.012, 262.23, -83.67, 0.006, 12.58, -24.20);
insert into SHOT values (19, 11, 19, 21, 0.390, 137.69, -54.60, 0.396, 136.74, -53.89, 0.009, 110.37, -13.97);
insert into SHOT values (20, 11, 20, 21, 8.390, 51.59, -4.90, 8.437, 51.43, -5.10, 0.060, 23.52, -33.57);
insert into SHOT values (21, 20, 11, 21, 8.480, 231.29, 5.30, 8.437, 231.43, 5.10, 0.056, 24.34, -36.55);
insert into SHOT_FLAG values(21, 'dpl');
insert into SHOT values (22, 20, 21, 21, 3.200, 158.89, 58.90, 3.200, 158.71, 58.90, 0.005, 67.06, -0.63);
insert into SHOT values (23, 20, 22, 21, 1.460, 212.99, 60.30, 1.462, 212.59, 60.31, 0.005, 130.20, 19.71);
insert into SHOT values (24, 20, 23, 21, 0.730, 318.39, -5.20, 0.726, 318.37, -5.53, 0.006, 141.62, -40.42);
insert into SHOT values (25, 20, 24, 21, 1.670, 308.49, -46.80, 1.669, 308.58, -46.98, 0.006, 106.63, -27.44);
insert into SHOT values (26, 20, 25, 21, 1.330, 289.59, -77.90, 1.329, 289.09, -78.05, 0.004, 142.44, 5.91);
insert into SHOT values (27, 20, 26, 21, 2.760, 250.09, -5.60, 2.757, 250.18, -5.83, 0.012, 24.95, -60.08);
insert into SHOT values (28, 26, 20, 21, 2.750, 70.49, 5.90, 2.757, 70.18, 5.83, 0.017, 5.89, -9.29);
insert into SHOT_FLAG values(28, 'dpl');
insert into SHOT values (29, 26, 27, 21, 2.790, 165.09, 16.40, 2.785, 165.03, 16.48, 0.007, 10.58, 19.39);
insert into SHOT_FLAG values(29, 'srf');
insert into SHOT values (30, 20, 28, 21, 7.930, 39.09, -1.90, 7.927, 38.85, -1.88, 0.033, 303.86, 5.12);
insert into SHOT values (31, 28, 20, 21, 7.930, 218.59, 1.90, 7.927, 218.85, 1.88, 0.037, 313.24, -4.54);
insert into SHOT_FLAG values(31, 'dpl');
insert into SHOT values (32, 28, 29, 21, 3.690, 67.79, 80.60, 3.690, 67.67, 80.56, 0.003, 43.66, -8.61);
insert into SHOT values (33, 28, 30, 21, 2.030, 225.89, 71.70, 2.021, 225.64, 71.85, 0.011, 64.23, -40.87);
insert into SHOT values (34, 28, 31, 21, 1.960, 196.09, 12.00, 1.956, 196.07, 11.80, 0.008, 30.31, -72.04);
insert into SHOT values (35, 28, 32, 21, 1.670, 284.39, 8.90, 1.661, 284.46, 8.66, 0.012, 89.56, -45.73);
insert into SHOT values (36, 28, 33, 21, 2.340, 323.29, 45.40, 2.336, 323.41, 45.28, 0.007, 37.72, -59.32);
insert into SHOT values (37, 28, 34, 21, 2.110, 225.49, -45.50, 2.108, 225.55, -45.75, 0.010, 33.92, -31.47);
insert into SHOT values (38, 28, 35, 21, 1.430, 234.99, -62.50, 1.431, 234.87, -62.53, 0.002, 145.03, -48.52);
insert into SHOT values (39, 28, 36, 21, 11.600, 141.99, -4.20, 11.607, 141.21, -4.40, 0.162, 52.93, -14.43);
insert into SHOT values (40, 36, 28, 21, 11.610, 320.49, 4.60, 11.607, 321.21, 4.40, 0.152, 50.89, -15.74);
insert into SHOT_FLAG values(40, 'dpl');
insert into SHOT values (41, 36, 37, 21, 2.920, 240.89, 81.70, 2.911, 240.42, 81.60, 0.011, 199.45, -61.04);
insert into SHOT values (42, 36, 38, 21, 3.340, 222.29, 48.00, 3.340, 222.46, 47.95, 0.007, 298.11, -16.48);
insert into SHOT values (43, 36, 39, 21, 2.120, 222.19, 3.50, 2.120, 222.13, 3.24, 0.010, 153.89, -76.12);
insert into SHOT values (44, 36, 40, 21, 2.210, 221.69, -22.00, 2.209, 221.63, -22.07, 0.003, 85.06, -37.52);
insert into SHOT values (45, 36, 41, 21, 0.870, 288.19, -81.70, 0.879, 288.43, -81.73, 0.009, 319.54, -83.40);
insert into SHOT values (46, 36, 42, 21, 2.990, 41.09, 64.20, 2.986, 40.94, 64.25, 0.006, 260.86, -20.20);
insert into SHOT values (47, 36, 43, 21, 1.080, 36.89, 20.30, 1.079, 36.98, 20.05, 0.005, 94.52, -66.72);
insert into SHOT values (48, 36, 44, 21, 0.500, 10.19, -26.50, 0.503, 10.30, -27.22, 0.007, 115.60, -82.10);
insert into SHOT values (49, 36, 45, 21, 2.180, 249.19, 6.40, 2.184, 249.23, 6.31, 0.006, 267.49, -31.16);
insert into SHOT_FLAG values(49, 'srf');
insert into SHOT values (50, 36, 46, 21, 4.560, 134.49, 2.50, 4.566, 133.49, 2.26, 0.082, 48.86, -13.37);
insert into SHOT values (51, 46, 36, 21, 4.580, 312.59, -2.20, 4.566, 313.49, -2.26, 0.074, 54.19, -3.26);
insert into SHOT_FLAG values(51, 'dpl');
insert into SHOT values (52, 46, 47, 21, 1.390, 354.99, -35.20, 1.388, 354.94, -35.19, 0.002, 206.50, 36.77);
insert into SHOT values (53, 46, 48, 21, 2.090, 0.09, 29.10, 2.086, 0.00, 29.27, 0.008, 204.06, 27.73);
insert into SHOT values (54, 46, 49, 21, 3.820, 0.19, 51.50, 3.815, 0.24, 51.60, 0.008, 164.24, 3.01);
insert into SHOT values (55, 46, 50, 21, 4.930, 4.69, 62.20, 4.928, 4.74, 62.21, 0.003, 126.81, -20.25);
insert into SHOT values (56, 46, 51, 21, 0.310, 174.89, 88.30, 0.310, 180.00, 88.15, 0.001, 224.30, 6.63);
insert into SHOT values (57, 46, 52, 21, 1.170, 328.39, -72.20, 1.165, 327.65, -72.26, 0.007, 208.76, 37.33);
insert into SHOT values (58, 46, 53, 21, 7.850, 55.09, -6.00, 7.856, 54.91, -6.21, 0.038, 331.37, -49.91);
insert into SHOT values (59, 53, 46, 21, 7.860, 234.69, 6.40, 7.856, 234.91, 6.21, 0.040, 327.22, -41.16);
insert into SHOT_FLAG values(59, 'dpl');
insert into SHOT values (60, 53, 54, 21, 4.380, 151.69, 87.50, 4.384, 152.10, 87.49, 0.005, 198.84, 65.44);
insert into SHOT values (61, 53, 55, 21, 1.660, 309.39, 23.30, 1.658, 309.13, 23.45, 0.008, 192.48, 23.99);
insert into SHOT values (62, 53, 56, 21, 1.780, 303.49, -11.10, 1.780, 303.33, -11.01, 0.006, 220.87, 28.61);
insert into SHOT values (63, 53, 57, 21, 0.500, 227.39, -58.80, 0.495, 226.55, -58.07, 0.009, 172.41, 58.67);
insert into SHOT values (64, 53, 58, 21, 2.100, 184.69, 22.00, 2.101, 184.71, 22.09, 0.003, 302.26, 72.02);
insert into SHOT values (65, 53, 59, 21, 3.770, 173.09, 65.90, 3.778, 173.29, 65.94, 0.010, 251.36, 57.02);
insert into SHOT values (66, 53, 60, 21, 4.050, 108.89, 82.20, 4.057, 109.09, 82.21, 0.008, 181.53, 74.43);
insert into SHOT values (67, 53, 61, 21, 5.080, 23.89, 31.00, 5.080, 23.86, 31.05, 0.005, 245.77, 45.60);
insert into SHOT values (68, 53, 62, 21, 4.440, 115.19, 82.00, 4.444, 115.74, 81.96, 0.008, 173.35, 24.40);
insert into SHOT values (69, 53, 63, 21, 9.760, 144.09, 6.20, 9.766, 143.92, 5.99, 0.045, 73.59, -48.77);
insert into SHOT values (70, 63, 53, 21, 9.780, 323.69, -5.70, 9.766, 323.92, -5.99, 0.066, 79.05, -47.94);
insert into SHOT_FLAG values(70, 'dpl');
insert into SHOT values (71, 63, 64, 21, 9.790, 322.39, -5.40, 9.790, 322.38, -5.39, 0.002, 243.13, 40.45);
insert into SHOT values (72, 63, 65, 21, 1.570, 347.19, -87.60, 1.571, 350.54, -87.78, 0.006, 131.88, -12.62);
insert into SHOT values (73, 63, 66, 21, 0.890, 50.49, 5.90, 0.893, 50.94, 5.78, 0.008, 114.97, -10.85);
insert into SHOT values (74, 63, 67, 21, 1.720, 237.09, -1.60, 1.720, 236.86, -1.67, 0.007, 149.74, -16.48);
insert into SHOT values (75, 63, 68, 21, 1.890, 241.79, 50.50, 1.892, 241.73, 50.50, 0.002, 201.14, 42.52);
insert into SHOT values (76, 63, 69, 21, 3.220, 314.19, 87.50, 3.213, 311.99, 87.60, 0.011, 174.82, -41.18);
insert into SHOT values (77, 63, 70, 21, 2.450, 227.09, -17.70, 2.452, 227.08, -17.81, 0.005, 217.53, -79.08);
insert into SHOT values (78, 63, 71, 21, 1.980, 174.19, -16.60, 1.984, 173.96, -16.69, 0.009, 106.28, -28.07);
insert into SHOT_FLAG values(78, 'srf');
insert into SHOT values (79, 63, 72, 21, 8.630, 113.19, -2.30, 8.631, 112.79, -2.52, 0.069, 23.05, -29.33);
insert into SHOT values (80, 72, 63, 21, 8.630, 292.29, 2.70, 8.631, 292.79, 2.52, 0.080, 20.49, -19.34);
insert into SHOT_FLAG values(80, 'dpl');
insert into SHOT values (81, 72, 73, 21, 4.970, 321.59, 74.20, 4.970, 321.87, 74.11, 0.010, 4.76, -12.90);
insert into SHOT values (82, 72, 74, 21, 1.670, 331.59, -1.40, 1.669, 331.75, -1.37, 0.005, 69.88, 9.71);
insert into SHOT values (83, 72, 75, 21, 2.450, 340.79, 54.40, 2.448, 341.18, 54.37, 0.010, 70.88, -11.97);
insert into SHOT values (84, 72, 76, 21, 4.090, 6.99, 66.70, 4.095, 7.08, 66.66, 0.006, 37.25, 33.77);
insert into SHOT values (85, 72, 77, 21, 1.350, 314.59, -87.10, 1.352, 321.34, -87.28, 0.009, 76.63, -11.01);
insert into SHOT values (86, 72, 78, 21, 1.490, 329.09, -62.80, 1.485, 330.05, -62.71, 0.013, 60.17, 24.63);
insert into SHOT values (87, 72, 79, 21, 6.680, 30.59, -6.70, 6.675, 29.66, -6.80, 0.108, 296.95, -5.65);
insert into SHOT values (88, 79, 72, 21, 6.660, 208.79, 6.90, 6.675, 209.66, 6.80, 0.103, 289.84, -5.65);
insert into SHOT_FLAG values(88, 'dpl');
insert into SHOT values (89, 79, 80, 21, 8.700, 286.89, 83.40, 8.697, 286.98, 83.44, 0.007, 93.89, -18.88);
insert into SHOT values (90, 79, 81, 21, 5.060, 290.59, 76.50, 5.058, 290.44, 76.58, 0.008, 132.67, -1.39);
insert into SHOT values (91, 79, 82, 21, 3.250, 298.19, 60.20, 3.248, 298.16, 60.27, 0.005, 128.77, -2.92);
insert into SHOT values (92, 79, 83, 21, 2.430, 115.49, -3.90, 2.434, 115.62, -3.77, 0.009, 167.13, 37.14);
insert into SHOT values (93, 79, 84, 21, 3.380, 292.59, 37.70, 3.376, 292.72, 37.82, 0.010, 72.85, 17.49);
insert into SHOT values (94, 79, 85, 21, 2.370, 175.29, -17.60, 2.370, 175.17, -17.69, 0.006, 71.97, -36.37);
insert into SHOT values (95, 79, 86, 21, 13.530, 132.39, 2.10, 13.531, 132.81, 1.99, 0.104, 221.60, -14.39);
insert into SHOT values (96, 86, 79, 21, 13.520, 313.29, -1.90, 13.531, 312.81, -1.99, 0.114, 228.21, -10.95);
insert into SHOT_FLAG values(96, 'dpl');
insert into SHOT values (97, 86, 87, 21, 7.050, 313.99, 83.70, 7.053, 313.96, 83.67, 0.005, 308.92, 30.71);
insert into SHOT values (98, 86, 88, 21, 3.470, 283.59, 79.60, 3.477, 283.82, 79.59, 0.008, 338.40, 66.38);
insert into SHOT values (99, 86, 89, 21, 1.600, 256.29, 69.80, 1.600, 256.46, 69.68, 0.004, 286.57, -24.96);
insert into SHOT values (100, 86, 90, 21, 0.630, 232.19, 15.80, 0.629, 232.37, 15.67, 0.003, 326.45, -37.74);
insert into SHOT values (101, 86, 91, 21, 2.010, 233.89, -42.80, 2.006, 233.83, -42.69, 0.006, 118.70, 74.11);
insert into SHOT values (102, 86, 92, 21, 2.090, 16.39, 75.00, 2.091, 16.09, 75.00, 0.003, 291.77, 23.41);
insert into SHOT values (103, 86, 93, 21, 1.680, 49.39, 17.70, 1.675, 49.32, 17.73, 0.005, 249.71, -8.36);
insert into SHOT values (104, 86, 94, 21, 2.130, 45.69, -23.30, 2.125, 45.83, -23.29, 0.007, 178.13, 20.74);
insert into SHOT values (105, 86, 95, 21, 2.460, 51.69, -37.60, 2.461, 51.66, -37.56, 0.002, 23.52, 27.68);
insert into SHOT values (106, 86, 96, 21, 7.440, 14.59, 84.70, 7.441, 14.44, 84.74, 0.006, 211.16, 16.92);
insert into SHOT values (107, 86, 97, 21, 2.540, 106.69, -18.20, 2.537, 106.63, -18.14, 0.005, 335.07, 46.77);
insert into SHOT_FLAG values(107, 'srf');
insert into SHOT values (108, 86, 98, 21, 12.760, 141.69, -4.30, 12.778, 141.79, -4.44, 0.043, 197.83, -50.31);
insert into SHOT values (109, 98, 86, 21, 12.790, 321.89, 4.60, 12.778, 321.79, 4.44, 0.043, 208.45, -56.71);
insert into SHOT_FLAG values(109, 'dpl');
insert into SHOT values (110, 98, 99, 21, 0.970, 262.49, 80.50, 0.973, 262.87, 80.47, 0.004, 306.15, 64.39);
insert into SHOT values (111, 98, 100, 21, 2.120, 267.79, 69.70, 2.123, 267.68, 69.59, 0.006, 252.47, 17.57);
insert into SHOT values (112, 98, 101, 21, 3.740, 285.59, 67.10, 3.747, 285.46, 67.02, 0.010, 262.79, 29.99);
insert into SHOT values (113, 98, 102, 21, 2.330, 284.29, 39.00, 2.337, 284.34, 38.98, 0.007, 301.02, 31.02);
insert into SHOT values (114, 98, 103, 21, 2.090, 290.29, 3.20, 2.092, 290.17, 3.29, 0.006, 217.58, 36.99);
insert into SHOT values (115, 98, 104, 21, 1.700, 284.59, -17.00, 1.707, 284.55, -17.03, 0.007, 274.91, -23.87);
insert into SHOT values (116, 98, 105, 21, 8.030, 205.59, 4.00, 8.029, 205.35, 3.78, 0.045, 117.13, -42.28);
insert into SHOT values (117, 98, 106, 21, 7.990, 204.49, 3.80, 7.987, 204.54, 3.80, 0.008, 313.93, 3.48);
insert into SHOT values (118, 98, 107, 21, 8.020, 206.39, 4.00, 8.025, 206.41, 4.00, 0.005, 235.13, 5.90);
insert into SHOT values (119, 105, 98, 21, 8.030, 25.09, -3.60, 8.029, 25.35, -3.78, 0.045, 119.50, -34.97);
insert into SHOT_FLAG values(119, 'dpl');
insert into SHOT values (120, 105, 108, 21, 2.720, 62.59, 77.80, 2.721, 62.99, 77.85, 0.005, 183.17, 17.08);
insert into SHOT values (121, 105, 109, 21, 2.520, 263.69, 80.30, 2.527, 263.37, 80.14, 0.011, 247.48, 34.90);
insert into SHOT values (122, 105, 110, 21, 0.430, 291.49, 55.70, 0.437, 291.37, 55.55, 0.007, 285.37, 45.52);
insert into SHOT values (123, 105, 111, 21, 2.690, 63.29, -27.00, 2.690, 63.22, -26.97, 0.003, 338.97, 24.17);
insert into SHOT values (124, 105, 112, 21, 1.930, 58.19, 5.30, 1.926, 58.22, 5.36, 0.005, 224.85, 21.79);
insert into SHOT values (125, 105, 113, 21, 1.570, 63.99, 34.40, 1.569, 63.83, 34.55, 0.005, 293.81, 33.24);
insert into SHOT values (126, 105, 114, 21, 2.100, 79.29, 62.10, 2.101, 79.38, 62.29, 0.007, 244.19, 33.70);
insert into SHOT values (127, 105, 115, 21, 1.900, 81.49, 75.20, 1.903, 81.70, 75.23, 0.004, 179.97, 58.62);
insert into SHOT values (128, 105, 116, 21, 6.390, 105.39, -6.70, 6.378, 105.29, -6.75, 0.017, 327.36, -15.18);
insert into SHOT values (129, 116, 105, 21, 6.380, 285.09, 6.90, 6.378, 285.29, 6.75, 0.028, 14.35, -36.65);
insert into SHOT_FLAG values(129, 'dpl');
insert into SHOT values (130, 116, 117, 21, 1.420, 329.79, -20.90, 1.421, 330.15, -21.04, 0.009, 64.32, -22.25);
insert into SHOT values (131, 116, 118, 21, 1.430, 330.49, 13.90, 1.429, 330.66, 13.76, 0.006, 62.44, -39.24);
insert into SHOT values (132, 116, 119, 21, 2.000, 328.09, 49.20, 1.997, 328.13, 49.12, 0.004, 50.73, -74.71);
insert into SHOT values (133, 116, 120, 21, 2.420, 320.39, 70.30, 2.422, 320.46, 70.29, 0.002, 5.09, 46.35);
insert into SHOT values (134, 116, 121, 21, 0.390, 14.29, 76.90, 0.392, 18.43, 75.98, 0.009, 62.07, 0.92);
insert into SHOT values (135, 116, 122, 21, 2.320, 78.29, 82.10, 2.323, 77.66, 81.89, 0.010, 55.88, 12.14);
insert into SHOT values (136, 116, 123, 21, 0.590, 145.89, 56.20, 0.591, 144.87, 56.03, 0.006, 73.65, -2.60);
insert into SHOT values (137, 116, 124, 21, 2.160, 249.99, 37.20, 2.152, 249.87, 37.17, 0.009, 100.08, -41.48);
insert into SHOT_FLAG values(137, 'srf');
insert into SHOT values (138, 116, 125, 21, 2.160, 252.49, 37.50, 2.152, 252.63, 37.49, 0.009, 36.52, -34.84);
insert into SHOT values (139, 116, 126, 21, 5.120, 16.69, 0.10, 5.125, 16.67, 0.00, 0.011, 358.61, -57.86);
insert into SHOT values (140, 116, 127, 21, 5.110, 14.89, 0.20, 5.113, 14.96, 0.22, 0.008, 77.94, 16.34);
insert into SHOT values (141, 126, 116, 21, 5.120, 196.59, 0.00, 5.125, 196.67, 0.00, 0.009, 250.12, 0.00);
insert into SHOT_FLAG values(141, 'dpl');
insert into SHOT values (142, 126, 128, 21, 4.280, 75.59, 88.70, 4.281, 77.47, 88.77, 0.006, 224.13, 10.74);
insert into SHOT values (143, 126, 129, 21, 9.640, 61.89, 83.10, 9.639, 62.10, 83.12, 0.006, 194.49, -1.75);
insert into SHOT values (144, 126, 130, 21, 8.310, 95.69, 85.80, 8.313, 95.62, 85.77, 0.005, 86.02, 27.79);
insert into SHOT values (145, 126, 131, 21, 3.770, 53.39, 73.10, 3.772, 53.55, 73.14, 0.005, 175.17, 37.62);
insert into SHOT values (146, 126, 132, 21, 1.680, 89.69, -14.80, 1.676, 89.65, -14.87, 0.004, 284.74, -10.99);
insert into SHOT values (147, 126, 133, 21, 8.500, 137.49, 5.50, 8.472, 137.21, 5.35, 0.054, 14.95, -27.07);
insert into SHOT values (148, 133, 126, 21, 8.450, 316.89, -5.20, 8.472, 317.21, -5.35, 0.057, 24.48, -25.13);
insert into SHOT_FLAG values(148, 'dpl');
insert into SHOT values (149, 133, 134, 21, 5.060, 343.49, 77.70, 5.065, 343.76, 77.77, 0.010, 118.51, 40.21);
insert into SHOT values (150, 133, 135, 21, 8.470, 304.09, 73.90, 8.470, 304.03, 73.96, 0.009, 140.38, 14.82);
insert into SHOT values (151, 133, 136, 21, 5.160, 331.09, 64.70, 5.163, 331.22, 64.76, 0.008, 92.74, 38.62);
insert into SHOT values (152, 133, 137, 21, 3.110, 325.89, 53.60, 3.115, 326.05, 53.69, 0.009, 68.05, 51.32);
insert into SHOT values (153, 133, 138, 21, 2.780, 358.79, -7.10, 2.781, 358.96, -7.02, 0.009, 77.05, 22.69);
insert into SHOT values (154, 133, 139, 21, 1.950, 352.69, -50.90, 1.947, 352.99, -50.85, 0.007, 88.36, 26.66);
insert into SHOT values (155, 133, 140, 21, 1.140, 244.69, -46.00, 1.137, 244.41, -46.17, 0.006, 103.44, 0.45);
insert into SHOT_FLAG values(155, 'srf');
insert into SHOT values (156, 133, 141, 21, 5.250, 48.79, -9.40, 5.251, 47.97, -9.21, 0.076, 321.09, 13.32);
insert into SHOT values (157, 141, 133, 21, 5.250, 227.19, 9.10, 5.251, 227.97, 9.21, 0.072, 318.33, 7.75);
insert into SHOT_FLAG values(157, 'dpl');
insert into SHOT values (158, 141, 142, 21, 0.760, 338.79, 26.40, 0.755, 339.15, 26.76, 0.008, 126.12, 14.87);
insert into SHOT values (159, 141, 143, 21, 1.440, 167.49, -21.90, 1.446, 167.52, -21.92, 0.006, 174.81, -27.04);
insert into SHOT values (160, 141, 144, 21, 2.740, 163.69, 48.70, 2.744, 163.66, 48.65, 0.005, 155.19, 17.58);
insert into SHOT values (161, 141, 145, 21, 3.840, 161.79, 69.00, 3.836, 161.83, 68.94, 0.006, 182.45, -60.36);
insert into SHOT values (162, 141, 146, 21, 7.790, 182.49, 75.80, 7.788, 182.40, 75.79, 0.004, 106.38, -33.15);
insert into SHOT values (163, 141, 147, 21, 2.310, 192.29, 83.80, 2.314, 191.31, 83.67, 0.008, 153.64, 26.77);
insert into SHOT values (164, 141, 148, 21, 0.710, 359.49, 56.00, 0.707, 0.00, 56.53, 0.008, 153.10, 9.98);
insert into SHOT values (165, 141, 149, 21, 0.580, 338.09, 14.00, 0.578, 338.01, 14.02, 0.002, 179.21, -8.48);
insert into SHOT values (166, 141, 150, 21, 2.330, 166.19, 78.40, 2.329, 165.38, 78.22, 0.010, 121.76, -14.13);
insert into SHOT values (167, 141, 151, 21, 3.150, 108.99, 4.70, 3.151, 108.95, 4.73, 0.003, 44.92, 43.84);
insert into SHOT values (168, 151, 141, 21, 3.140, 288.79, -4.70, 3.151, 288.95, -4.73, 0.014, 329.13, -10.82);
insert into SHOT_FLAG values(168, 'dpl');
insert into SHOT values (169, 151, 152, 21, 1.900, 58.59, 85.10, 1.897, 57.26, 84.97, 0.006, 15.44, -28.56);
insert into SHOT values (170, 151, 153, 21, 2.560, 342.99, 81.90, 2.556, 342.55, 81.75, 0.008, 318.72, -33.43);
insert into SHOT values (171, 151, 154, 21, 6.780, 322.89, 80.70, 6.780, 323.13, 80.66, 0.006, 10.17, -7.89);
insert into SHOT values (172, 151, 155, 21, 5.670, 320.19, 77.10, 5.663, 320.14, 77.11, 0.007, 167.95, -70.98);
insert into SHOT values (173, 151, 156, 21, 4.510, 316.09, 70.00, 4.502, 316.05, 69.97, 0.008, 187.55, -81.36);
insert into SHOT values (174, 151, 157, 21, 3.250, 322.79, 64.80, 3.249, 322.63, 64.79, 0.004, 236.87, -10.50);
insert into SHOT values (175, 151, 158, 21, 2.420, 325.79, 42.00, 2.422, 325.87, 41.99, 0.003, 23.23, 12.98);
insert into SHOT values (176, 151, 159, 21, 1.940, 331.69, -0.80, 1.942, 331.72, -0.89, 0.004, 1.05, -52.25);
insert into SHOT values (177, 151, 160, 21, 2.140, 330.59, -27.10, 2.145, 330.48, -27.19, 0.007, 276.57, -49.13);
insert into SHOT values (178, 151, 161, 21, 1.000, 299.19, -78.80, 1.000, 300.47, -78.62, 0.005, 355.38, 10.22);
insert into SHOT values (179, 151, 162, 21, 1.210, 324.89, -58.30, 1.212, 324.57, -58.22, 0.004, 268.51, -6.91);
insert into SHOT values (180, 151, 163, 21, 5.380, 42.09, -2.60, 5.381, 41.91, -2.66, 0.018, 313.03, -19.54);
insert into SHOT values (181, 163, 151, 21, 5.390, 221.79, 2.70, 5.381, 221.91, 2.66, 0.015, 350.92, -14.89);
insert into SHOT_FLAG values(181, 'dpl');
insert into SHOT values (182, 163, 164, 21, 5.390, 223.49, 2.70, 5.382, 223.49, 2.66, 0.009, 39.55, -25.56);
insert into SHOT values (183, 163, 165, 21, 1.650, 103.19, 82.80, 1.644, 100.78, 82.53, 0.013, 50.33, -31.87);
insert into SHOT values (184, 163, 166, 21, 0.510, 22.39, -2.20, 0.511, 23.05, -2.24, 0.006, 101.63, -4.00);
insert into SHOT values (185, 163, 167, 21, 0.780, 18.89, -82.20, 0.787, 21.80, -82.14, 0.009, 91.59, -51.52);
insert into SHOT values (186, 163, 168, 21, 2.180, 196.59, -23.20, 2.180, 196.53, -23.24, 0.002, 80.32, -30.88);
insert into SHOT values (187, 163, 169, 21, 2.130, 196.69, 16.50, 2.121, 196.56, 16.43, 0.010, 45.59, -28.88);
insert into SHOT values (188, 163, 170, 21, 3.160, 195.29, 54.90, 3.153, 195.03, 54.92, 0.011, 73.22, -29.52);
insert into SHOT values (189, 163, 171, 21, 4.160, 177.79, 72.40, 4.153, 177.71, 72.47, 0.009, 11.59, -36.74);
insert into SHOT values (190, 163, 172, 21, 8.010, 158.69, 73.60, 8.005, 158.43, 73.62, 0.011, 49.29, -21.27);
insert into SHOT values (191, 163, 173, 21, 5.460, 159.79, 71.20, 5.461, 159.71, 71.21, 0.003, 59.44, 28.70);
insert into SHOT values (192, 163, 174, 21, 4.270, 108.09, 0.30, 4.269, 108.01, 0.27, 0.006, 10.51, -22.41);
insert into SHOT_FLAG values(192, 'srf');
insert into SHOT values (193, 163, 175, 21, 3.610, 119.09, 2.60, 3.614, 119.90, 2.38, 0.053, 204.62, -14.94);
insert into SHOT values (194, 175, 163, 21, 3.610, 300.89, -2.10, 3.614, 299.90, -2.38, 0.065, 213.25, -15.93);
insert into SHOT_FLAG values(194, 'dpl');
insert into SHOT values (195, 175, 176, 21, 6.970, 34.19, 76.90, 6.963, 34.19, 76.85, 0.009, 36.25, -65.24);
insert into SHOT values (196, 175, 177, 21, 4.880, 6.69, 69.80, 4.879, 6.49, 69.85, 0.007, 239.92, 1.23);
insert into SHOT values (197, 175, 178, 21, 2.800, 356.49, 57.30, 2.795, 356.21, 57.22, 0.010, 271.34, -40.47);
insert into SHOT values (198, 175, 179, 21, 1.870, 342.89, 27.00, 1.864, 342.87, 26.79, 0.009, 172.97, -74.84);
insert into SHOT values (199, 175, 180, 21, 2.240, 342.29, -21.60, 2.240, 342.09, -21.75, 0.009, 237.96, -35.89);
insert into SHOT values (200, 175, 181, 21, 1.030, 316.79, -78.50, 1.031, 316.97, -78.52, 0.001, 60.71, -44.28);
insert into SHOT values (201, 175, 182, 21, 0.630, 175.19, 39.50, 0.626, 175.24, 39.71, 0.005, 349.83, -9.25);
insert into SHOT values (202, 175, 183, 21, 2.240, 159.39, 87.10, 2.233, 160.02, 87.00, 0.008, 178.52, -61.15);
insert into SHOT values (203, 175, 184, 21, 7.130, 42.69, -0.60, 7.129, 42.33, -0.80, 0.051, 310.85, -29.56);
insert into SHOT values (204, 184, 175, 21, 7.130, 222.09, 0.90, 7.129, 222.33, 0.80, 0.032, 313.74, -21.78);
insert into SHOT_FLAG values(204, 'dpl');
insert into SHOT values (205, 184, 185, 21, 0.250, 321.39, 27.10, 0.251, 320.53, 28.59, 0.007, 195.94, 56.46);
insert into SHOT values (206, 184, 186, 21, 6.940, 153.69, 80.40, 6.938, 153.43, 80.35, 0.008, 110.12, -20.78);
insert into SHOT values (207, 184, 187, 21, 6.110, 149.89, 75.60, 6.114, 149.74, 75.53, 0.010, 126.13, 11.67);
insert into SHOT values (208, 184, 188, 21, 3.450, 152.69, 74.80, 3.453, 152.59, 74.68, 0.008, 141.89, 4.95);
insert into SHOT values (209, 184, 189, 21, 2.070, 204.09, 84.70, 2.069, 201.25, 84.64, 0.010, 124.11, -6.76);
insert into SHOT values (210, 184, 190, 21, 1.670, 162.69, -30.30, 1.672, 162.69, -30.16, 0.004, 165.39, 35.62);
insert into SHOT values (211, 184, 191, 21, 1.400, 160.29, 18.60, 1.403, 160.20, 18.71, 0.004, 110.17, 53.24);
insert into SHOT values (212, 184, 192, 21, 1.930, 163.99, 49.70, 1.930, 163.74, 49.62, 0.006, 91.36, -19.07);
insert into SHOT values (213, 184, 193, 21, 11.250, 54.69, 0.10, 11.257, 54.55, -0.10, 0.049, 339.63, -54.03);
insert into SHOT values (214, 193, 184, 21, 11.270, 234.39, 0.30, 11.257, 234.55, 0.10, 0.051, 346.18, -49.30);
insert into SHOT_FLAG values(214, 'dpl');
insert into SHOT values (215, 193, 194, 21, 0.310, 340.89, 15.60, 0.308, 342.18, 17.01, 0.010, 105.27, 39.49);
insert into SHOT values (216, 193, 195, 21, 2.100, 134.99, 86.00, 2.105, 132.27, 85.95, 0.009, 60.90, 34.96);
insert into SHOT values (217, 193, 196, 21, 8.320, 132.79, 86.10, 8.319, 132.14, 86.10, 0.006, 46.96, -6.50);
insert into SHOT values (218, 193, 197, 21, 5.890, 148.39, 77.60, 5.889, 148.19, 77.54, 0.008, 112.45, -18.91);
insert into SHOT values (219, 193, 198, 21, 4.360, 148.09, 64.40, 4.359, 147.99, 64.35, 0.005, 101.84, -25.39);
insert into SHOT values (220, 193, 199, 21, 2.130, 148.99, 57.80, 2.128, 148.69, 57.76, 0.006, 61.91, -22.12);
insert into SHOT values (221, 193, 200, 21, 1.550, 153.79, 22.50, 1.560, 153.61, 22.62, 0.011, 125.21, 36.85);
insert into SHOT values (222, 193, 201, 21, 1.730, 156.79, -33.90, 1.729, 156.64, -33.73, 0.006, 94.64, 50.53);
insert into SHOT values (223, 193, 202, 21, 0.900, 95.59, -82.20, 0.899, 94.40, -81.67, 0.009, 77.37, 10.95);
insert into SHOT values (224, 193, 203, 21, 8.960, 77.49, -2.90, 8.967, 77.42, -3.00, 0.020, 19.95, -54.62);
insert into SHOT values (225, 203, 193, 21, 8.970, 257.29, 3.20, 8.967, 257.42, 3.00, 0.037, 350.37, -55.28);
insert into SHOT_FLAG values(225, 'dpl');
insert into SHOT values (226, 203, 204, 21, 1.520, 133.39, 75.30, 1.519, 132.88, 75.43, 0.005, 356.41, -2.85);
insert into SHOT values (227, 203, 205, 21, 3.770, 304.79, 78.80, 3.762, 304.99, 78.77, 0.009, 32.06, -72.23);
insert into SHOT values (228, 203, 206, 21, 7.650, 315.29, 70.00, 7.642, 315.31, 69.98, 0.009, 51.83, -83.00);
insert into SHOT values (229, 203, 207, 21, 8.720, 316.39, 68.20, 8.715, 316.50, 68.18, 0.009, 34.78, -44.12);
insert into SHOT values (230, 203, 208, 21, 5.220, 315.39, 58.70, 5.222, 315.60, 58.67, 0.011, 25.88, -1.49);
insert into SHOT values (231, 203, 209, 21, 3.780, 313.69, 50.40, 3.779, 313.82, 50.35, 0.007, 22.24, -22.23);
insert into SHOT values (232, 203, 210, 21, 3.240, 313.89, 40.10, 3.239, 313.86, 39.96, 0.008, 296.77, -58.40);
insert into SHOT values (233, 203, 211, 21, 1.880, 314.69, -17.60, 1.878, 314.77, -17.67, 0.004, 92.60, -20.87);
insert into SHOT values (234, 203, 212, 21, 2.060, 314.89, 3.90, 2.069, 315.00, 3.88, 0.010, 338.12, -0.62);
insert into SHOT values (235, 203, 213, 21, 3.150, 316.89, 42.00, 3.145, 316.90, 41.88, 0.008, 353.94, -81.65);
insert into SHOT values (236, 203, 214, 21, 11.440, 18.89, 5.90, 11.429, 18.40, 5.72, 0.103, 283.97, -20.47);
insert into SHOT values (237, 214, 203, 21, 11.410, 197.89, -5.60, 11.429, 198.40, -5.72, 0.107, 279.26, -14.38);
insert into SHOT_FLAG values(237, 'dpl');
insert into SHOT values (238, 214, 215, 21, 3.850, 187.29, 70.00, 3.850, 187.45, 70.09, 0.007, 334.05, 17.72);
insert into SHOT values (239, 214, 216, 21, 1.570, 277.69, 41.20, 1.567, 277.79, 41.10, 0.005, 18.72, -63.02);
insert into SHOT values (240, 214, 217, 21, 3.390, 171.89, -28.30, 3.387, 171.90, -28.38, 0.006, 345.74, -29.12);
insert into SHOT values (241, 214, 218, 21, 2.640, 168.19, -9.70, 2.641, 168.26, -9.59, 0.006, 223.85, 50.51);
insert into SHOT values (242, 214, 219, 21, 2.410, 166.49, 11.40, 2.413, 166.55, 11.47, 0.005, 214.68, 45.46);
insert into SHOT values (243, 214, 220, 21, 2.980, 167.99, 37.40, 2.975, 168.02, 37.47, 0.006, 333.53, 0.19);
insert into SHOT values (244, 214, 221, 21, 4.670, 171.09, 47.30, 4.669, 171.10, 47.27, 0.002, 209.47, -55.22);
insert into SHOT values (245, 214, 222, 21, 4.140, 188.69, 63.70, 4.137, 188.79, 63.73, 0.005, 317.84, -18.22);
insert into SHOT values (246, 214, 223, 21, 1.950, 206.59, 64.30, 1.951, 206.87, 64.47, 0.007, 346.12, 24.36);
insert into SHOT values (247, 214, 224, 21, 1.890, 221.19, -24.40, 1.890, 221.47, -24.37, 0.008, 308.97, 5.19);
insert into SHOT_FLAG values(247, 'srf');
insert into SHOT values (248, 214, 225, 21, 11.540, 136.19, -5.80, 11.542, 135.32, -6.12, 0.185, 44.30, -20.13);
insert into SHOT values (249, 225, 214, 21, 11.550, 314.39, 6.40, 11.542, 315.32, 6.12, 0.195, 45.31, -17.12);
insert into SHOT_FLAG values(249, 'dpl');
insert into SHOT values (250, 225, 226, 21, 4.370, 95.99, 85.20, 4.376, 94.64, 85.13, 0.012, 37.84, 27.33);
insert into SHOT values (251, 225, 227, 21, 4.570, 61.19, 62.20, 4.578, 61.15, 62.20, 0.008, 42.08, 63.52);
insert into SHOT values (252, 225, 228, 21, 4.780, 28.19, 16.00, 4.781, 28.18, 16.03, 0.002, 278.56, 81.95);
insert into SHOT values (253, 225, 229, 21, 2.440, 21.79, -17.50, 2.440, 21.94, -17.41, 0.007, 97.70, 30.32);
insert into SHOT values (254, 225, 230, 21, 0.650, 289.09, -78.10, 0.643, 292.62, -78.34, 0.011, 47.20, 33.58);
insert into SHOT values (255, 225, 231, 21, 0.910, 222.69, -6.00, 0.903, 222.75, -5.72, 0.008, 34.35, 38.83);
insert into SHOT values (256, 225, 232, 21, 4.310, 56.89, 74.40, 4.310, 56.58, 74.36, 0.007, 353.26, -10.17);
insert into SHOT values (257, 225, 233, 21, 5.250, 3.99, 84.00, 5.249, 4.16, 83.97, 0.003, 35.89, -21.48);
insert into SHOT values (258, 225, 234, 21, 5.860, 45.69, 4.00, 5.868, 45.00, 3.91, 0.071, 322.75, -7.07);
insert into SHOT values (259, 234, 225, 21, 5.860, 224.39, -3.70, 5.868, 225.00, -3.91, 0.067, 308.26, -19.11);
insert into SHOT_FLAG values(259, 'dpl');
insert into SHOT values (260, 234, 235, 21, 4.000, 191.09, 69.30, 3.999, 190.99, 69.26, 0.004, 142.89, -29.66);
insert into SHOT values (261, 234, 236, 21, 0.760, 240.79, 77.30, 0.760, 239.04, 76.70, 0.010, 206.25, -8.49);
insert into SHOT values (262, 234, 237, 21, 1.090, 166.19, -86.20, 1.092, 164.05, -86.18, 0.004, 86.89, -41.00);
insert into SHOT values (263, 234, 238, 21, 2.010, 189.09, -22.70, 2.019, 188.96, -22.72, 0.010, 162.40, -24.71);
insert into SHOT values (264, 234, 239, 21, 1.630, 192.69, 14.50, 1.629, 192.80, 14.21, 0.009, 262.57, -66.95);
insert into SHOT values (265, 234, 240, 21, 2.200, 181.39, 33.80, 2.200, 181.25, 33.68, 0.006, 119.21, -38.41);
insert into SHOT values (266, 234, 241, 21, 3.760, 184.29, 55.20, 3.754, 184.28, 55.13, 0.008, 106.88, -86.86);
insert into SHOT values (267, 234, 242, 21, 3.860, 200.09, 68.00, 3.862, 200.19, 67.96, 0.004, 239.84, 15.26);
insert into SHOT values (268, 234, 243, 21, 3.660, 134.89, 11.50, 3.666, 135.00, 11.49, 0.009, 186.81, 1.99);
insert into SHOT_FLAG values(268, 'srf');
insert into SHOT values (269, 1, 244, 21, 5.240, 201.29, 11.20, 5.232, 200.77, 11.13, 0.048, 102.82, -9.36);
insert into SHOT values (270, 244, 1, 21, 5.230, 20.39, -11.10, 5.232, 20.77, -11.13, 0.034, 108.38, -5.24);
insert into SHOT_FLAG values(270, 'dpl');
insert into SHOT values (271, 244, 245, 21, 5.240, 21.99, -10.70, 5.233, 21.93, -10.68, 0.009, 240.12, 18.06);
insert into SHOT values (272, 244, 246, 21, 3.570, 52.99, -5.80, 3.560, 53.03, -5.80, 0.010, 216.53, 4.35);
insert into SHOT values (273, 244, 247, 21, 3.080, 55.59, 31.90, 3.073, 55.64, 32.04, 0.011, 222.67, 12.80);
insert into SHOT values (274, 244, 248, 21, 3.020, 56.19, 45.30, 3.019, 56.16, 45.42, 0.006, 246.74, 32.18);
insert into SHOT values (275, 244, 249, 21, 1.200, 51.29, 58.80, 1.198, 51.63, 59.27, 0.011, 209.89, 19.37);
insert into SHOT values (276, 244, 250, 21, 1.560, 281.09, -83.90, 1.560, 280.01, -83.65, 0.008, 255.62, 8.78);
insert into SHOT values (277, 244, 251, 21, 2.720, 249.69, -32.30, 2.722, 249.68, -32.19, 0.006, 244.46, 38.68);
insert into SHOT values (278, 244, 252, 21, 1.760, 253.89, -53.10, 1.758, 253.61, -52.79, 0.011, 215.43, 42.10);
insert into SHOT values (279, 244, 253, 21, 5.140, 239.89, -1.60, 5.146, 239.90, -1.56, 0.007, 248.05, 30.86);
insert into SHOT values (280, 244, 254, 21, 1.560, 196.59, -85.20, 1.556, 197.10, -84.99, 0.007, 209.21, 38.93);
insert into SHOT values (281, 244, 255, 21, 6.860, 97.09, 7.10, 6.859, 96.83, 6.95, 0.035, 8.78, -30.68);
insert into SHOT values (282, 255, 244, 21, 6.860, 276.49, -6.80, 6.859, 276.83, -6.95, 0.045, 11.37, -23.26);
insert into SHOT_FLAG values(282, 'dpl');
insert into SHOT values (283, 255, 256, 21, 1.480, 206.19, 67.30, 1.483, 206.11, 67.48, 0.006, 39.02, 55.07);
insert into SHOT values (284, 255, 257, 21, 1.470, 211.99, 58.10, 1.472, 211.85, 58.14, 0.003, 127.34, 47.04);
insert into SHOT values (285, 255, 258, 21, 1.500, 232.69, 0.90, 1.498, 232.59, 1.15, 0.007, 106.61, 65.21);
insert into SHOT values (286, 255, 259, 21, 2.370, 231.69, -33.70, 2.368, 231.79, -33.59, 0.006, 309.43, 52.82);
insert into SHOT values (287, 255, 260, 21, 1.850, 243.89, -74.10, 1.842, 244.44, -73.93, 0.011, 302.09, 57.85);
insert into SHOT values (288, 255, 261, 21, 1.660, 32.69, -73.90, 1.656, 32.66, -73.76, 0.006, 28.60, 59.22);
insert into SHOT values (289, 255, 262, 21, 7.440, 161.99, 13.40, 7.437, 162.22, 13.37, 0.029, 255.45, -8.24);
insert into SHOT values (290, 262, 255, 21, 7.440, 342.39, -13.30, 7.437, 342.22, -13.37, 0.024, 240.01, -20.93);
insert into SHOT_FLAG values(290, 'dpl');
insert into SHOT values (291, 262, 263, 21, 3.080, 266.39, -9.30, 3.075, 266.41, -9.17, 0.009, 65.77, 63.80);
insert into SHOT values (292, 262, 264, 21, 0.700, 281.99, 51.10, 0.704, 281.82, 51.38, 0.005, 180.45, 76.12);
insert into SHOT values (293, 262, 265, 21, 0.970, 28.99, 74.00, 0.976, 29.48, 74.30, 0.009, 173.64, 62.76);
insert into SHOT values (294, 262, 266, 21, 1.530, 67.19, 47.70, 1.530, 67.17, 47.63, 0.002, 48.34, -55.42);
insert into SHOT values (295, 262, 267, 21, 0.500, 67.69, 12.90, 0.497, 68.20, 12.79, 0.005, 189.96, -17.60);
insert into SHOT values (296, 262, 268, 21, 0.460, 82.59, -9.20, 0.459, 82.41, -8.77, 0.004, 348.50, 67.90);
insert into SHOT values (297, 262, 269, 21, 0.790, 166.99, 88.40, 0.790, 153.43, 88.38, 0.005, 73.49, 3.36);
insert into SHOT values (298, 262, 270, 21, 5.010, 198.99, 22.70, 5.004, 197.65, 22.68, 0.108, 105.90, -1.80);
insert into SHOT values (299, 270, 262, 21, 5.000, 16.39, -22.60, 5.004, 17.65, -22.68, 0.102, 106.28, -4.79);
insert into SHOT_FLAG values(299, 'dpl');
insert into SHOT values (300, 270, 271, 21, 2.540, 331.19, 3.90, 2.539, 331.21, 3.84, 0.003, 105.78, -63.21);
insert into SHOT values (301, 270, 272, 21, 2.370, 350.29, -2.00, 2.365, 350.26, -1.94, 0.005, 184.69, 30.43);
insert into SHOT values (302, 270, 273, 21, 5.390, 21.39, -12.70, 5.393, 21.40, -12.64, 0.007, 33.19, 46.57);
insert into SHOT values (303, 270, 274, 21, 4.370, 36.49, -10.60, 4.364, 36.47, -10.56, 0.007, 230.21, 35.22);
insert into SHOT values (304, 270, 275, 21, 3.330, 54.69, -11.90, 3.330, 54.75, -11.96, 0.005, 162.57, -42.04);
insert into SHOT values (305, 270, 276, 21, 1.660, 87.59, -7.80, 1.658, 87.56, -7.98, 0.006, 283.17, -55.25);
insert into STATION values (1, '0', 19, 71906.25, 437667.90, 507.51);
insert into STATION values (2, 'cible_A', 19, 71904.46, 437668.39, 507.82);
insert into STATION values (3, '.', 19, 71904.80, 437668.37, 506.55);
insert into STATION values (4, '.', 19, 71904.27, 437668.38, 507.82);
insert into STATION values (5, '.', 19, 71905.89, 437667.89, 509.49);
insert into STATION values (6, '.', 19, 71906.45, 437667.82, 507.49);
insert into STATION values (7, '.', 19, 71906.28, 437667.89, 506.56);
insert into STATION values (8, '.', 19, 71902.04, 437678.41, 508.01);
insert into STATION values (9, '.', 19, 71901.77, 437678.35, 508.05);
insert into STATION values (10, '.', 19, 71902.07, 437678.50, 507.99);
insert into STATION values (11, '1', 19, 71902.00, 437678.43, 507.98);
insert into STATION values (12, '.', 19, 71901.75, 437678.34, 508.03);
insert into STATION values (13, '.', 19, 71906.04, 437667.80, 507.54);
insert into STATION values (14, '.', 19, 71906.43, 437667.96, 507.54);
insert into STATION values (15, '.', 19, 71902.32, 437678.31, 509.29);
insert into STATION values (16, '.', 19, 71903.58, 437677.79, 511.15);
insert into STATION values (17, '.', 19, 71903.82, 437677.36, 507.95);
insert into STATION values (18, '.', 19, 71901.78, 437678.40, 505.98);
insert into STATION values (19, '.', 19, 71902.16, 437678.26, 507.66);
insert into STATION values (20, '2', 19, 71908.57, 437683.67, 507.23);
insert into STATION values (21, '.', 19, 71909.17, 437682.13, 509.97);
insert into STATION values (22, '.', 19, 71908.18, 437683.06, 508.50);
insert into STATION values (23, '.', 19, 71908.09, 437684.21, 507.16);
insert into STATION values (24, '.', 19, 71907.68, 437684.38, 506.01);
insert into STATION values (25, '.', 19, 71908.31, 437683.76, 505.93);
insert into STATION values (26, '3', 19, 71905.99, 437682.74, 506.95);
insert into STATION values (27, 'cible_B', 19, 71906.68, 437680.16, 507.74);
insert into STATION values (28, '4', 19, 71913.54, 437689.84, 506.97);
insert into STATION values (29, '.', 19, 71914.10, 437690.07, 510.61);
insert into STATION values (30, '.', 19, 71913.09, 437689.40, 508.89);
insert into STATION values (31, '.', 19, 71913.01, 437688.00, 507.37);
insert into STATION values (32, '.', 19, 71911.95, 437690.25, 507.22);
insert into STATION values (33, '.', 19, 71912.56, 437691.16, 508.63);
insert into STATION values (34, '.', 19, 71912.49, 437688.81, 505.46);
insert into STATION values (35, '.', 19, 71913.00, 437689.46, 505.70);
insert into STATION values (36, '5', 19, 71920.79, 437680.82, 506.08);
insert into STATION values (37, '.', 19, 71920.42, 437680.61, 508.96);
insert into STATION values (38, '.', 19, 71919.28, 437679.17, 508.56);
insert into STATION values (39, '.', 19, 71919.37, 437679.25, 506.20);
insert into STATION values (40, '.', 19, 71919.43, 437679.29, 505.25);
insert into STATION values (41, '.', 19, 71920.67, 437680.86, 505.21);
insert into STATION values (42, '.', 19, 71921.64, 437681.80, 508.77);
insert into STATION values (43, '.', 19, 71921.40, 437681.63, 506.45);
insert into STATION values (44, '.', 19, 71920.87, 437681.26, 505.85);
insert into STATION values (45, 'cible_C', 19, 71918.76, 437680.05, 506.32);
insert into STATION values (46, '6', 19, 71924.10, 437677.68, 506.26);
insert into STATION values (47, '.', 19, 71924.00, 437678.81, 505.46);
insert into STATION values (48, '.', 19, 71924.10, 437679.50, 507.28);
insert into STATION values (49, '.', 19, 71924.11, 437680.05, 509.25);
insert into STATION values (50, '.', 19, 71924.29, 437679.97, 510.62);
insert into STATION values (51, '.', 19, 71924.10, 437677.67, 506.57);
insert into STATION values (52, '.', 19, 71923.91, 437677.98, 505.15);
insert into STATION values (53, '7', 19, 71930.49, 437682.17, 505.41);
insert into STATION values (54, '.', 19, 71930.58, 437682.00, 509.79);
insert into STATION values (55, '.', 19, 71929.31, 437683.13, 506.07);
insert into STATION values (56, '.', 19, 71929.03, 437683.13, 505.07);
insert into STATION values (57, '.', 19, 71930.30, 437681.99, 504.99);
insert into STATION values (58, '.', 19, 71930.33, 437680.23, 506.20);
insert into STATION values (59, '.', 19, 71930.67, 437680.64, 508.86);
insert into STATION values (60, '.', 19, 71931.01, 437681.99, 509.43);
insert into STATION values (61, '.', 19, 71932.25, 437686.15, 508.03);
insert into STATION values (62, '.', 19, 71931.05, 437681.90, 509.81);
insert into STATION values (63, '8', 19, 71936.21, 437674.32, 506.43);
insert into STATION values (64, '.', 19, 71930.26, 437682.04, 505.51);
insert into STATION values (65, '.', 19, 71936.20, 437674.38, 504.86);
insert into STATION values (66, '.', 19, 71936.90, 437674.88, 506.52);
insert into STATION values (67, '.', 19, 71934.77, 437673.38, 506.38);
insert into STATION values (68, '.', 19, 71935.15, 437673.75, 507.89);
insert into STATION values (69, '.', 19, 71936.11, 437674.41, 509.64);
insert into STATION values (70, '.', 19, 71934.50, 437672.73, 505.68);
insert into STATION values (71, 'cible_D', 19, 71936.41, 437672.43, 505.86);
insert into STATION values (72, '9', 19, 71944.16, 437670.98, 506.05);
insert into STATION values (73, '.', 19, 71943.32, 437672.05, 510.83);
insert into STATION values (74, '.', 19, 71943.37, 437672.45, 506.01);
insert into STATION values (75, '.', 19, 71943.70, 437672.33, 508.04);
insert into STATION values (76, '.', 19, 71944.36, 437672.59, 509.81);
insert into STATION values (77, '.', 19, 71944.12, 437671.03, 504.70);
insert into STATION values (78, '.', 19, 71943.82, 437671.57, 504.73);
insert into STATION values (79, '10', 19, 71947.44, 437676.74, 505.26);
insert into STATION values (80, '.', 19, 71946.49, 437677.03, 513.90);
insert into STATION values (81, '.', 19, 71946.34, 437677.15, 510.18);
insert into STATION values (82, '.', 19, 71946.02, 437677.50, 508.08);
insert into STATION values (83, '.', 19, 71949.63, 437675.69, 505.10);
insert into STATION values (84, '.', 19, 71944.98, 437677.77, 507.33);
insert into STATION values (85, '.', 19, 71947.63, 437674.49, 504.54);
insert into STATION values (86, '11', 19, 71957.36, 437667.55, 505.73);
insert into STATION values (87, '.', 19, 71956.80, 437668.09, 512.74);
insert into STATION values (88, '.', 19, 71956.75, 437667.70, 509.15);
insert into STATION values (89, '.', 19, 71956.82, 437667.42, 507.23);
insert into STATION values (90, '.', 19, 71956.88, 437667.18, 505.90);
insert into STATION values (91, '.', 19, 71956.17, 437666.68, 504.37);
insert into STATION values (92, '.', 19, 71957.51, 437668.07, 507.75);
insert into STATION values (93, '.', 19, 71958.57, 437668.59, 506.24);
insert into STATION values (94, '.', 19, 71958.76, 437668.91, 504.89);
insert into STATION values (95, '.', 19, 71958.89, 437668.76, 504.23);
insert into STATION values (96, '.', 19, 71957.53, 437668.21, 513.14);
insert into STATION values (97, 'cible_E', 19, 71959.67, 437666.86, 504.94);
insert into STATION values (98, '12', 19, 71965.24, 437657.54, 504.74);
insert into STATION values (99, '.', 19, 71965.08, 437657.52, 505.70);
insert into STATION values (100, '.', 19, 71964.50, 437657.51, 506.73);
insert into STATION values (101, '.', 19, 71963.83, 437657.93, 508.19);
insert into STATION values (102, '.', 19, 71963.48, 437657.99, 506.21);
insert into STATION values (103, '.', 19, 71963.28, 437658.26, 504.86);
insert into STATION values (104, '.', 19, 71963.66, 437657.95, 504.24);
insert into STATION values (105, '13', 19, 71961.81, 437650.30, 505.27);
insert into STATION values (106, '.', 19, 71961.93, 437650.29, 505.27);
insert into STATION values (107, '.', 19, 71961.68, 437650.37, 505.30);
insert into STATION values (108, '.', 19, 71962.32, 437650.56, 507.93);
insert into STATION values (109, '.', 19, 71961.38, 437650.25, 507.76);
insert into STATION values (110, '.', 19, 71961.58, 437650.39, 505.63);
insert into STATION values (111, '.', 19, 71963.95, 437651.38, 504.05);
insert into STATION values (112, '.', 19, 71963.44, 437651.31, 505.45);
insert into STATION values (113, '.', 19, 71962.97, 437650.87, 506.16);
insert into STATION values (114, '.', 19, 71962.77, 437650.48, 507.13);
insert into STATION values (115, '.', 19, 71962.29, 437650.37, 507.11);
insert into STATION values (116, '14', 19, 71967.92, 437648.63, 504.52);
insert into STATION values (117, '.', 19, 71967.26, 437649.78, 504.01);
insert into STATION values (118, '.', 19, 71967.24, 437649.84, 504.86);
insert into STATION values (119, '.', 19, 71967.23, 437649.74, 506.03);
insert into STATION values (120, '.', 19, 71967.40, 437649.26, 506.80);
insert into STATION values (121, '.', 19, 71967.95, 437648.72, 504.90);
insert into STATION values (122, '.', 19, 71968.24, 437648.70, 506.82);
insert into STATION values (123, '.', 19, 71968.11, 437648.36, 505.01);
insert into STATION values (124, 'cible_F', 19, 71966.31, 437648.04, 505.82);
insert into STATION values (125, '.', 19, 71966.29, 437648.12, 505.83);
insert into STATION values (126, '15', 19, 71969.39, 437653.54, 504.52);
insert into STATION values (127, '.', 19, 71969.24, 437653.57, 504.54);
insert into STATION values (128, '.', 19, 71969.48, 437653.56, 508.80);
insert into STATION values (129, '.', 19, 71970.41, 437654.08, 514.09);
insert into STATION values (130, '.', 19, 71970.00, 437653.48, 512.81);
insert into STATION values (131, '.', 19, 71970.27, 437654.19, 508.13);
insert into STATION values (132, '.', 19, 71971.01, 437653.55, 504.09);
insert into STATION values (133, '16', 19, 71975.12, 437647.35, 505.31);
insert into STATION values (134, '.', 19, 71974.82, 437648.38, 510.26);
insert into STATION values (135, '.', 19, 71973.18, 437648.66, 513.45);
insert into STATION values (136, '.', 19, 71974.06, 437649.28, 509.98);
insert into STATION values (137, '.', 19, 71974.09, 437648.88, 507.82);
insert into STATION values (138, '.', 19, 71975.07, 437650.11, 504.97);
insert into STATION values (139, '.', 19, 71974.97, 437648.57, 503.80);
insert into STATION values (140, 'cible_G', 19, 71974.41, 437647.01, 504.49);
insert into STATION values (141, '17', 19, 71978.97, 437650.82, 504.47);
insert into STATION values (142, '.', 19, 71978.73, 437651.45, 504.81);
insert into STATION values (143, '.', 19, 71979.26, 437649.51, 503.93);
insert into STATION values (144, '.', 19, 71979.48, 437649.08, 506.53);
insert into STATION values (145, '.', 19, 71979.40, 437649.51, 508.05);
insert into STATION values (146, '.', 19, 71978.89, 437648.91, 512.02);
insert into STATION values (147, '.', 19, 71978.92, 437650.57, 506.77);
insert into STATION values (148, '.', 19, 71978.97, 437651.21, 505.06);
insert into STATION values (149, '.', 19, 71978.76, 437651.34, 504.61);
insert into STATION values (150, '.', 19, 71979.09, 437650.36, 506.75);
insert into STATION values (151, '18', 19, 71981.94, 437649.80, 504.73);
insert into STATION values (152, '.', 19, 71982.08, 437649.89, 506.62);
insert into STATION values (153, '.', 19, 71981.83, 437650.15, 507.26);
insert into STATION values (154, '.', 19, 71981.28, 437650.68, 511.42);
insert into STATION values (155, '.', 19, 71981.13, 437650.77, 510.25);
insert into STATION values (156, '.', 19, 71980.87, 437650.91, 508.96);
insert into STATION values (157, '.', 19, 71981.10, 437650.90, 507.67);
insert into STATION values (158, '.', 19, 71980.93, 437651.29, 506.35);
insert into STATION values (159, '.', 19, 71981.02, 437651.51, 504.70);
insert into STATION values (160, '.', 19, 71981.00, 437651.46, 503.75);
insert into STATION values (161, '.', 19, 71981.77, 437649.90, 503.75);
insert into STATION values (162, '.', 19, 71981.57, 437650.32, 503.70);
insert into STATION values (163, '19', 19, 71985.53, 437653.80, 504.48);
insert into STATION values (164, '.', 19, 71981.83, 437649.90, 504.73);
insert into STATION values (165, '.', 19, 71985.74, 437653.76, 506.11);
insert into STATION values (166, '.', 19, 71985.73, 437654.27, 504.46);
insert into STATION values (167, '.', 19, 71985.57, 437653.90, 503.70);
insert into STATION values (168, '.', 19, 71984.96, 437651.88, 503.62);
insert into STATION values (169, '.', 19, 71984.95, 437651.85, 505.08);
insert into STATION values (170, '.', 19, 71985.06, 437652.05, 507.06);
insert into STATION values (171, '.', 19, 71985.58, 437652.55, 508.44);
insert into STATION values (172, '.', 19, 71986.36, 437651.70, 512.16);
insert into STATION values (173, '.', 19, 71986.14, 437652.15, 509.65);
insert into STATION values (174, 'cible_H', 19, 71989.59, 437652.48, 504.50);
insert into STATION values (175, '20', 19, 71988.66, 437652.00, 504.63);
insert into STATION values (176, '.', 19, 71989.55, 437653.31, 511.41);
insert into STATION values (177, '.', 19, 71988.85, 437653.67, 509.21);
insert into STATION values (178, '.', 19, 71988.56, 437653.51, 506.98);
insert into STATION values (179, '.', 19, 71988.17, 437653.59, 505.47);
insert into STATION values (180, '.', 19, 71988.02, 437653.98, 503.80);
insert into STATION values (181, '.', 19, 71988.52, 437652.15, 503.62);
insert into STATION values (182, '.', 19, 71988.70, 437651.52, 505.03);
insert into STATION values (183, '.', 19, 71988.70, 437651.89, 506.86);
insert into STATION values (184, '21', 19, 71993.46, 437657.27, 504.53);
insert into STATION values (185, '.', 19, 71993.32, 437657.44, 504.65);
insert into STATION values (186, '.', 19, 71993.98, 437656.23, 511.37);
insert into STATION values (187, '.', 19, 71994.23, 437655.95, 510.45);
insert into STATION values (188, '.', 19, 71993.88, 437656.46, 507.86);
insert into STATION values (189, '.', 19, 71993.39, 437657.09, 506.59);
insert into STATION values (190, '.', 19, 71993.89, 437655.89, 503.69);
insert into STATION values (191, '.', 19, 71993.91, 437656.02, 504.98);
insert into STATION values (192, '.', 19, 71993.81, 437656.07, 506.00);
insert into STATION values (193, '22', 19, 72002.63, 437663.80, 504.51);
insert into STATION values (194, '.', 19, 72002.54, 437664.08, 504.60);
insert into STATION values (195, '.', 19, 72002.74, 437663.70, 506.61);
insert into STATION values (196, '.', 19, 72003.05, 437663.42, 512.81);
insert into STATION values (197, '.', 19, 72003.30, 437662.72, 510.26);
insert into STATION values (198, '.', 19, 72003.63, 437662.20, 508.44);
insert into STATION values (199, '.', 19, 72003.22, 437662.83, 506.31);
insert into STATION values (200, '.', 19, 72003.27, 437662.51, 505.11);
insert into STATION values (201, '.', 19, 72003.20, 437662.48, 503.55);
insert into STATION values (202, '.', 19, 72002.76, 437663.79, 503.62);
insert into STATION values (203, '23', 19, 72011.37, 437665.75, 504.04);
insert into STATION values (204, '.', 19, 72011.65, 437665.49, 505.51);
insert into STATION values (205, '.', 19, 72010.77, 437666.17, 507.73);
insert into STATION values (206, '.', 19, 72009.53, 437667.61, 511.22);
insert into STATION values (207, '.', 19, 72009.14, 437668.10, 512.13);
insert into STATION values (208, '.', 19, 72009.47, 437667.69, 508.50);
insert into STATION values (209, '.', 19, 72009.63, 437667.42, 506.95);
insert into STATION values (210, '.', 19, 72009.58, 437667.47, 506.12);
insert into STATION values (211, '.', 19, 72010.10, 437667.01, 503.47);
insert into STATION values (212, '.', 19, 72009.91, 437667.21, 504.18);
insert into STATION values (213, '.', 19, 72009.77, 437667.46, 506.14);
insert into STATION values (214, '24', 19, 72014.96, 437676.54, 505.18);
insert into STATION values (215, '.', 19, 72014.79, 437675.24, 508.80);
insert into STATION values (216, '.', 19, 72013.79, 437676.70, 506.21);
insert into STATION values (217, '.', 19, 72015.38, 437673.59, 503.57);
insert into STATION values (218, '.', 19, 72015.49, 437673.99, 504.74);
insert into STATION values (219, '.', 19, 72015.51, 437674.24, 505.66);
insert into STATION values (220, '.', 19, 72015.45, 437674.23, 506.99);
insert into STATION values (221, '.', 19, 72015.45, 437673.41, 508.61);
insert into STATION values (222, '.', 19, 72014.68, 437674.73, 508.89);
insert into STATION values (223, '.', 19, 72014.58, 437675.79, 506.94);
insert into STATION values (224, 'cible_8', 19, 72013.82, 437675.25, 504.40);
insert into STATION values (225, '25', 19, 72023.03, 437668.38, 503.95);
insert into STATION values (226, '.', 19, 72023.40, 437668.35, 508.31);
insert into STATION values (227, '.', 19, 72024.90, 437669.41, 508.00);
insert into STATION values (228, '.', 19, 72025.20, 437672.43, 505.27);
insert into STATION values (229, '.', 19, 72023.90, 437670.54, 503.22);
insert into STATION values (230, '.', 19, 72022.91, 437668.43, 503.32);
insert into STATION values (231, '.', 19, 72022.42, 437667.72, 503.86);
insert into STATION values (232, '.', 19, 72024.00, 437669.02, 508.10);
insert into STATION values (233, '.', 19, 72023.07, 437668.93, 509.17);
insert into STATION values (234, '26', 19, 72027.17, 437672.52, 504.35);
insert into STATION values (235, '.', 19, 72026.90, 437671.13, 508.09);
insert into STATION values (236, '.', 19, 72027.02, 437672.43, 505.09);
insert into STATION values (237, '.', 19, 72027.19, 437672.45, 503.26);
insert into STATION values (238, '.', 19, 72026.88, 437670.68, 503.57);
insert into STATION values (239, '.', 19, 72026.82, 437670.98, 504.75);
insert into STATION values (240, '.', 19, 72027.13, 437670.69, 505.57);
insert into STATION values (241, '.', 19, 72027.01, 437670.38, 507.43);
insert into STATION values (242, '.', 19, 72026.67, 437671.16, 507.93);
insert into STATION values (243, 'cible_7', 19, 72029.71, 437669.98, 505.08);
insert into STATION values (244, '27', 19, 71904.43, 437663.10, 508.52);
insert into STATION values (245, '.', 19, 71906.35, 437667.87, 507.55);
insert into STATION values (246, '.', 19, 71907.26, 437665.23, 508.16);
insert into STATION values (247, '.', 19, 71906.58, 437664.57, 510.15);
insert into STATION values (248, '.', 19, 71906.19, 437664.28, 510.67);
insert into STATION values (249, '.', 19, 71904.91, 437663.48, 509.55);
insert into STATION values (250, '.', 19, 71904.26, 437663.13, 506.97);
insert into STATION values (251, '.', 19, 71902.27, 437662.30, 507.07);
insert into STATION values (252, '.', 19, 71903.41, 437662.80, 507.12);
insert into STATION values (253, '.', 19, 71899.98, 437660.52, 508.38);
insert into STATION values (254, '.', 19, 71904.39, 437662.97, 506.97);
insert into STATION values (255, '28', 19, 71911.19, 437662.29, 509.35);
insert into STATION values (256, '.', 19, 71910.94, 437661.78, 510.72);
insert into STATION values (257, '.', 19, 71910.78, 437661.63, 510.60);
insert into STATION values (258, '.', 19, 71910.00, 437661.38, 509.38);
insert into STATION values (259, '.', 19, 71909.64, 437661.07, 508.04);
insert into STATION values (260, '.', 19, 71910.73, 437662.07, 507.58);
insert into STATION values (261, '.', 19, 71911.44, 437662.68, 507.76);
insert into STATION values (262, '29', 19, 71913.40, 437655.40, 511.07);
insert into STATION values (263, '.', 19, 71910.37, 437655.21, 510.58);
insert into STATION values (264, '.', 19, 71912.97, 437655.49, 511.62);
insert into STATION values (265, '.', 19, 71913.53, 437655.63, 512.01);
insert into STATION values (266, '.', 19, 71914.35, 437655.80, 512.20);
insert into STATION values (267, '.', 19, 71913.85, 437655.58, 511.18);
insert into STATION values (268, '.', 19, 71913.85, 437655.46, 511.00);
insert into STATION values (269, '.', 19, 71913.41, 437655.38, 511.86);
insert into STATION values (270, '30', 19, 71912.00, 437651.00, 513.00);
insert into STATION_FLAG values(270, 'fix');
insert into STATION values (271, '.', 19, 71910.78, 437653.22, 513.17);
insert into STATION values (272, '.', 19, 71911.60, 437653.33, 512.92);
insert into STATION values (273, '.', 19, 71913.92, 437655.90, 511.82);
insert into STATION values (274, '.', 19, 71914.55, 437654.45, 512.20);
insert into STATION values (275, '.', 19, 71914.66, 437652.88, 512.31);
insert into STATION values (276, '.', 19, 71913.64, 437651.07, 512.77);
